source_row_number,keyword,currency,avg_monthly_searches,three_month_change,year_over_year_change,competition,competition_indexed_value,top_of_page_bid_low,top_of_page_bid_high,ad_impression_share,organic_impression_share,organic_average_position,in_account,in_plan,searches_2025_08,searches_2025_09,searches_2025_10,searches_2025_11,searches_2025_12,searches_2026_01,searches_2026_02,searches_2026_03,searches_2026_04,searches_2026_05,searches_2026_06,searches_2026_07
4,lace glove,CNY,5000,-90%,-90%,高,99,1.02,7.27,,,,,,,,,,,,,,,,,
5,fingerless gloves,CNY,50000,0%,0%,高,97,1.09,7.79,,,,,,,,,,,,,,,,,
6,wedding gloves,CNY,500,0%,0%,高,100,2.29,11.42,,,,,,,,,,,,,,,,,
7,fingerless gloves women,CNY,5000,0%,0%,高,99,1.01,5.97,,,,,,,,,,,,,,,,,
8,cashmere fingerless gloves,CNY,5000,0%,0%,高,100,1.92,11.04,,,,,,,,,,,,,,,,,
9,mens fingerless gloves,CNY,5000,0%,0%,中,65,1.50,9.71,,,,,,,,,,,,,,,,,
10,turtle doves gloves,CNY,5000,0%,0%,高,99,1.46,5.56,,,,,,,,,,,,,,,,,
11,fingerless mittens,CNY,5000,0%,0%,高,98,1.33,18.16,,,,,,,,,,,,,,,,,
12,bridal gloves,CNY,500,0%,0%,高,100,2.26,11.48,,,,,,,,,,,,,,,,,
13,fingerless work gloves,CNY,500,0%,0%,高,100,1.17,6.53,,,,,,,,,,,,,,,,,
14,fingerless leather gloves,CNY,500,0%,0%,高,98,1.01,6.36,,,,,,,,,,,,,,,,,
15,black lace gloves,CNY,500,0%,0%,高,98,1.21,7.43,,,,,,,,,,,,,,,,,
16,black fingerless gloves,CNY,500,0%,0%,高,97,1.13,6.53,,,,,,,,,,,,,,,,,
17,wool fingerless gloves,CNY,500,0%,0%,高,100,1.27,7.59,,,,,,,,,,,,,,,,,
18,gloves without fingers,CNY,500,0%,0%,高,96,1.43,7.31,,,,,,,,,,,,,,,,,
19,heated fingerless gloves,CNY,500,-90%,0%,高,100,0.94,7.09,,,,,,,,,,,,,,,,,
20,white lace gloves,CNY,500,0%,0%,高,100,1.14,6.61,,,,,,,,,,,,,,,,,
21,thermal fingerless gloves,CNY,500,0%,900%,中,54,1.43,6.55,,,,,,,,,,,,,,,,,
22,long fingerless gloves,CNY,500,0%,0%,高,95,0.61,6.65,,,,,,,,,,,,,,,,,
23,ladies fingerless gloves,CNY,5000,0%,0%,高,99,1.08,4.09,,,,,,,,,,,,,,,,,
24,turtle doves fingerless gloves,CNY,500,0%,0%,高,93,,,,,,,,,,,,,,,,,,,
25,half finger gloves,CNY,500,0%,0%,高,98,1.39,8.46,,,,,,,,,,,,,,,,,
26,turtle doves wrist warmers,CNY,500,0%,0%,高,100,,,,,,,,,,,,,,,,,,,
27,warm fingerless gloves,CNY,500,0%,0%,高,100,,,,,,,,,,,,,,,,,,,
28,fingerless motorcycle gloves,CNY,500,0%,0%,高,100,0.95,3.60,,,,,,,,,,,,,,,,,
29,best fingerless gloves,CNY,500,0%,0%,高,94,,,,,,,,,,,,,,,,,,,
30,fingerless gloves with mitten cover,CNY,500,0%,0%,高,100,,,,,,,,,,,,,,,,,,,
31,recycled cashmere fingerless gloves,CNY,500,0%,0%,高,100,,,,,,,,,,,,,,,,,,,
32,fingerless gloves with flap,CNY,500,0%,0%,高,93,,,,,,,,,,,,,,,,,,,
33,ugg fingerless gloves,CNY,500,0%,0%,中,63,,,,,,,,,,,,,,,,,,,
34,fingerless driving gloves,CNY,500,0%,-90%,高,98,1.15,6.46,,,,,,,,,,,,,,,,,
35,fingerless fishing gloves,CNY,500,0%,0%,高,100,1.42,5.09,,,,,,,,,,,,,,,,,
36,merino wool fingerless gloves,CNY,500,0%,0%,高,100,3.79,10.19,,,,,,,,,,,,,,,,,
37,half gloves,CNY,500,0%,0%,高,83,,,,,,,,,,,,,,,,,,,
38,alpaca fingerless gloves,CNY,50,0%,0%,高,100,,,,,,,,,,,,,,,,,,,
39,gucci lace gloves,CNY,50,0%,0%,高,100,,,,,,,,,,,,,,,,,,,
40,open finger gloves,CNY,500,0%,0%,高,91,,,,,,,,,,,,,,,,,,,
41,lace fingerless gloves,CNY,500,0%,0%,高,99,0.81,4.33,,,,,,,,,,,,,,,,,
42,thermal fingerless gloves ladies,CNY,500,0%,0%,高,100,1.20,8.08,,,,,,,,,,,,,,,,,
43,chanel fingerless gloves,CNY,50,0%,0%,高,100,,,,,,,,,,,,,,,,,,,
44,cotton fingerless gloves,CNY,500,0%,0%,高,100,0.85,5.00,,,,,,,,,,,,,,,,,
45,fur fingerless gloves,CNY,500,0%,0%,高,94,,,,,,,,,,,,,,,,,,,
46,waterproof fingerless gloves,CNY,500,0%,0%,高,100,0.91,6.64,,,,,,,,,,,,,,,,,
47,carhartt fingerless gloves,CNY,50,0%,0%,高,100,,,,,,,,,,,,,,,,,,,
48,fingerless gloves for typing,CNY,50,0%,0%,高,100,,,,,,,,,,,,,,,,,,,
49,long lace gloves,CNY,500,0%,900%,高,100,1.10,17.25,,,,,,,,,,,,,,,,,
50,barbour fingerless gloves,CNY,500,0%,0%,中,41,,,,,,,,,,,,,,,,,,,
51,fingerless hunting gloves,CNY,50,0%,0%,高,100,,,,,,,,,,,,,,,,,,,
52,white fingerless gloves,CNY,500,0%,900%,高,97,0.86,1.17,,,,,,,,,,,,,,,,,
53,thinsulate fingerless gloves,CNY,500,0%,0%,高,98,,,,,,,,,,,,,,,,,,,
54,merino fingerless gloves,CNY,500,0%,0%,高,100,3.79,10.19,,,,,,,,,,,,,,,,,
55,amazon fingerless gloves,CNY,500,-90%,0%,高,97,0.81,3.36,,,,,,,,,,,,,,,,,
56,knit fingerless gloves,CNY,500,0%,0%,高,98,,,,,,,,,,,,,,,,,,,
57,mens cashmere fingerless gloves,CNY,500,0%,0%,中,41,,,,,,,,,,,,,,,,,,,
58,fleece fingerless gloves,CNY,500,0%,0%,高,100,,,,,,,,,,,,,,,,,,,
59,white wedding gloves,CNY,500,0%,0%,高,100,1.88,9.29,,,,,,,,,,,,,,,,,
60,sheepskin fingerless gloves,CNY,500,0%,0%,高,100,,,,,,,,,,,,,,,,,,,
61,fingerless winter gloves,CNY,50,0%,0%,高,83,,,,,,,,,,,,,,,,,,,
62,black cashmere fingerless gloves,CNY,50,-100%,-100%,未知,,,,,,,,,,,,,,,,,,,,
63,cashmere fingerless gloves sale,CNY,50,0%,0%,高,100,,,,,,,,,,,,,,,,,,,
64,white bridal gloves,CNY,500,0%,0%,高,100,1.88,9.29,,,,,,,,,,,,,,,,,
65,red lace gloves,CNY,500,900%,900%,高,100,0.99,5.25,,,,,,,,,,,,,,,,,
66,pink fingerless gloves,CNY,500,0%,0%,高,96,,,,,,,,,,,,,,,,,,,
67,green fingerless gloves,CNY,500,0%,0%,高,93,,,,,,,,,,,,,,,,,,,
68,fingerless mittens with flap,CNY,500,0%,0%,高,93,,,,,,,,,,,,,,,,,,,
69,cashmere fingerless mittens,CNY,5000,0%,0%,高,100,1.92,11.04,,,,,,,,,,,,,,,,,
70,red fingerless gloves,CNY,500,0%,-90%,高,100,0.95,9.79,,,,,,,,,,,,,,,,,
71,gloves with mitten flap,CNY,50,0%,∞,高,100,,,,,,,,,,,,,,,,,,,
72,wedding gloves for bride,CNY,50,0%,0%,高,100,2.02,7.68,,,,,,,,,,,,,,,,,
73,mens fingerless mittens,CNY,5000,0%,0%,中,65,1.50,9.71,,,,,,,,,,,,,,,,,
74,fingerless glove mittens,CNY,500,0%,0%,高,93,,,,,,,,,,,,,,,,,,,
75,thin fingerless gloves,CNY,500,0%,0%,高,100,1.21,3.91,,,,,,,,,,,,,,,,,
76,turtle doves fingerless gloves offer,CNY,50,-100%,-100%,未知,,,,,,,,,,,,,,,,,,,,
77,fingerless sun gloves,CNY,50,0%,0%,高,100,,,,,,,,,,,,,,,,,,,
78,sealskinz fingerless gloves,CNY,500,0%,0%,高,100,2.37,6.47,,,,,,,,,,,,,,,,,
79,cashmere fingerless gloves womens,CNY,500,0%,0%,中,57,,,,,,,,,,,,,,,,,,,
80,brown fingerless gloves,CNY,500,0%,0%,高,98,1.29,21.98,,,,,,,,,,,,,,,,,
81,lace opera gloves,CNY,50,0%,0%,高,100,3.28,17.13,,,,,,,,,,,,,,,,,
82,pink lace gloves,CNY,50,0%,0%,高,100,1.05,5.68,,,,,,,,,,,,,,,,,
83,convertible fingerless gloves,CNY,50,-100%,-100%,未知,,,,,,,,,,,,,,,,,,,,
84,designer fingerless gloves,CNY,50,0%,0%,高,100,,,,,,,,,,,,,,,,,,,
85,black leather fingerless gloves,CNY,500,-90%,-90%,高,97,0.88,3.58,,,,,,,,,,,,,,,,,
86,wool fingerless mittens,CNY,50,0%,0%,高,100,,,,,,,,,,,,,,,,,,,
87,fingerless cut resistant gloves,CNY,50,0%,0%,高,100,2.09,14.07,,,,,,,,,,,,,,,,,
88,leather fingerless gloves womens,CNY,500,0%,0%,高,97,0.83,4.39,,,,,,,,,,,,,,,,,
89,gucci gloves lace,CNY,50,0%,0%,高,100,,,,,,,,,,,,,,,,,,,
90,warm fingerless gloves womens,CNY,50,-100%,-100%,未知,,,,,,,,,,,,,,,,,,,,
91,fingerless gloves near me,CNY,50,0%,0%,高,95,,,,,,,,,,,,,,,,,,,
92,lace gloves near me,CNY,50,0%,0%,高,100,,,,,,,,,,,,,,,,,,,
93,fingerless opera gloves,CNY,50,0%,0%,中,53,,,,,,,,,,,,,,,,,,,
94,fingerless running gloves,CNY,50,0%,0%,高,68,2.29,4.97,,,,,,,,,,,,,,,,,
95,fingerless hand warmers,CNY,50,0%,0%,高,100,,,,,,,,,,,,,,,,,,,
96,fingerless bike gloves,CNY,500,0%,-90%,高,100,1.13,6.04,,,,,,,,,,,,,,,,,
97,mens wool fingerless gloves,CNY,500,0%,0%,高,100,,,,,,,,,,,,,,,,,,,
98,fingerless bridal gloves,CNY,50,0%,0%,高,100,1.42,8.14,,,,,,,,,,,,,,,,,
99,flip gloves,CNY,50,0%,0%,中,57,,,,,,,,,,,,,,,,,,,
100,lightweight fingerless gloves,CNY,50,0%,0%,高,97,,,,,,,,,,,,,,,,,,,
101,thermal fingerless gloves mens,CNY,50,0%,∞,低,0,,,,,,,,,,,,,,,,,,,
102,fingerless riding gloves,CNY,50,0%,0%,高,100,1.29,9.20,,,,,,,,,,,,,,,,,
103,grey fingerless gloves,CNY,500,0%,0%,高,96,,,,,,,,,,,,,,,,,,,
104,etsy fingerless gloves,CNY,50,0%,0%,高,100,,,,,,,,,,,,,,,,,,,
105,tulle bridal gloves,CNY,50,0%,0%,高,100,1.43,10.02,,,,,,,,,,,,,,,,,
106,turtle dove cashmere gloves,CNY,500,0%,0%,高,100,,,,,,,,,,,,,,,,,,,
107,tipless gloves,CNY,50000,0%,0%,高,97,1.09,7.79,,,,,,,,,,,,,,,,,
108,leather fingerless gloves mens,CNY,500,900%,900%,高,100,0.95,6.88,,,,,,,,,,,,,,,,,
109,biker gloves fingerless,CNY,500,0%,0%,高,100,0.95,3.60,,,,,,,,,,,,,,,,,
110,padded fingerless gloves,CNY,50,0%,0%,高,100,1.37,5.62,,,,,,,,,,,,,,,,,
111,lace bridal gloves,CNY,50,-90%,0%,高,100,1.96,6.97,,,,,,,,,,,,,,,,,
112,womens fingerless mittens,CNY,5000,0%,0%,高,99,1.08,4.09,,,,,,,,,,,,,,,,,
113,heated fingerless gloves for typing,CNY,50,-100%,0%,未知,,,,,,,,,,,,,,,,,,,,
114,black lace fingerless gloves,CNY,500,0%,0%,高,98,1.15,2.49,,,,,,,,,,,,,,,,,
115,buy fingerless gloves,CNY,50,0%,0%,高,100,,,,,,,,,,,,,,,,,,,
116,fingerless arm warmers,CNY,50,0%,0%,高,97,,,,,,,,,,,,,,,,,,,
117,fingerless wedding gloves,CNY,50,0%,0%,高,100,1.42,8.14,,,,,,,,,,,,,,,,,
118,purple fingerless gloves,CNY,50,0%,0%,高,100,,,,,,,,,,,,,,,,,,,
119,heat holders fingerless gloves,CNY,500,0%,0%,低,0,,,,,,,,,,,,,,,,,,,
120,sun protection gloves fingerless,CNY,50,0%,∞,高,100,,,,,,,,,,,,,,,,,,,
121,fleece lined fingerless gloves,CNY,50,0%,0%,高,100,,,,,,,,,,,,,,,,,,,
122,uv fingerless gloves,CNY,50,0%,0%,高,100,0.98,4.82,,,,,,,,,,,,,,,,,
123,fingerless gloves for raynaud's,CNY,50,0%,0%,高,100,,,,,,,,,,,,,,,,,,,
124,long black lace gloves,CNY,50,0%,0%,高,98,1.24,8.34,,,,,,,,,,,,,,,,,
125,best cashmere fingerless gloves,CNY,50,0%,∞,低,17,,,,,,,,,,,,,,,,,,,
126,mesh fingerless gloves,CNY,50,0%,0%,高,100,,,,,,,,,,,,,,,,,,,
127,sheer wedding gloves,CNY,50,0%,0%,高,100,1.53,7.61,,,,,,,,,,,,,,,,,
128,fingerless safety gloves,CNY,50,0%,0%,高,100,2.15,16.68,,,,,,,,,,,,,,,,,
129,best ladies fingerless gloves,CNY,50,0%,∞,高,100,,,,,,,,,,,,,,,,,,,
130,mens fingerless winter gloves,CNY,50,0%,0%,高,84,,,,,,,,,,,,,,,,,,,
131,tulle wedding gloves,CNY,50,0%,0%,高,100,,,,,,,,,,,,,,,,,,,
132,wool convertible mittens,CNY,50,0%,0%,高,100,,,,,,,,,,,,,,,,,,,
133,shein fingerless gloves,CNY,50,0%,0%,高,100,,,,,,,,,,,,,,,,,,,
134,john lewis fingerless gloves,CNY,500,0%,0%,低,33,,,,,,,,,,,,,,,,,,,
135,turtle doves cashmere wrist warmers,CNY,50,0%,0%,高,100,,,,,,,,,,,,,,,,,,,
136,sheer bridal gloves,CNY,50,0%,0%,高,88,,,,,,,,,,,,,,,,,,,
137,striped fingerless gloves,CNY,500,0%,0%,高,100,,,,,,,,,,,,,,,,,,,
138,fingerless grip gloves,CNY,500,0%,0%,高,95,1.08,7.54,,,,,,,,,,,,,,,,,
139,rechargeable heated fingerless gloves,CNY,50,0%,0%,高,67,,,,,,,,,,,,,,,,,,,
140,cute fingerless gloves,CNY,50,0%,0%,高,92,,,,,,,,,,,,,,,,,,,
141,turtle doves wrist warmers offer,CNY,50,∞,∞,高,100,,,,,,,,,,,,,,,,,,,
142,wedding dress with gloves,CNY,500,0%,0%,高,97,1.67,8.77,,,,,,,,,,,,,,,,,
143,fingerless cashmere gloves womens,CNY,50,0%,0%,高,100,,,,,,,,,,,,,,,,,,,
144,filson fingerless gloves,CNY,50,0%,∞,高,100,,,,,,,,,,,,,,,,,,,
145,cut off gloves,CNY,50,0%,0%,高,100,,,,,,,,,,,,,,,,,,,
146,long black fingerless gloves,CNY,50,0%,0%,高,100,,,,,,,,,,,,,,,,,,,
147,half gloves for winter,CNY,50,0%,-100%,未知,,,,,,,,,,,,,,,,,,,,
148,ragg wool fingerless gloves,CNY,50,∞,0%,高,80,,,,,,,,,,,,,,,,,,,
149,cashmere mittens fingerless,CNY,5000,0%,0%,高,100,1.92,11.04,,,,,,,,,,,,,,,,,
150,skeleton fingerless gloves,CNY,500,900%,0%,高,95,,,,,,,,,,,,,,,,,,,
151,best fingerless gloves for typing,CNY,50,-100%,-100%,未知,,,,,,,,,,,,,,,,,,,,
152,ivory wedding gloves,CNY,50,0%,0%,高,100,1.91,8.39,,,,,,,,,,,,,,,,,
153,wool fingerless gloves with mitten cover,CNY,50,-100%,0%,未知,,,,,,,,,,,,,,,,,,,,
154,fingerless flight gloves,CNY,50,-100%,-100%,未知,,,,,,,,,,,,,,,,,,,,
155,cream fingerless gloves,CNY,50,0%,0%,高,100,,,,,,,,,,,,,,,,,,,
156,soft fingerless gloves,CNY,50,0%,0%,高,83,,,,,,,,,,,,,,,,,,,
157,fingerless wrist warmers,CNY,50,0%,0%,高,71,,,,,,,,,,,,,,,,,,,
158,fingerless driving gloves women's,CNY,50,0%,0%,高,100,,,,,,,,,,,,,,,,,,,
159,mittens that open for fingers,CNY,50,0%,0%,高,100,,,,,,,,,,,,,,,,,,,
160,pearl bridal gloves,CNY,50,0%,0%,高,98,,,,,,,,,,,,,,,,,,,
161,silk fingerless gloves,CNY,50,0%,0%,高,88,,,,,,,,,,,,,,,,,,,
162,isotoner fingerless gloves,CNY,50,0%,0%,高,100,,,,,,,,,,,,,,,,,,,
163,bamboo fingerless gloves,CNY,50,0%,0%,高,94,0.95,4.86,,,,,,,,,,,,,,,,,
164,outdoor research fingerless gloves,CNY,50,0%,0%,高,100,,,,,,,,,,,,,,,,,,,
165,blue fingerless gloves,CNY,500,0%,0%,高,100,,,,,,,,,,,,,,,,,,,
166,fingerless mechanics gloves,CNY,50,0%,0%,高,100,,,,,,,,,,,,,,,,,,,
167,custom fingerless gloves,CNY,50,0%,0%,中,50,,,,,,,,,,,,,,,,,,,
168,insulated fingerless gloves,CNY,50,0%,0%,高,100,,,,,,,,,,,,,,,,,,,
169,fingerless impact gloves,CNY,50,0%,0%,高,100,,,,,,,,,,,,,,,,,,,
170,leather driving gloves fingerless,CNY,50,0%,0%,高,100,,,,,,,,,,,,,,,,,,,
171,gloves for crocheting,CNY,50,0%,0%,高,94,0.61,1.63,,,,,,,,,,,,,,,,,
172,fingerless tulle gloves,CNY,50,0%,0%,高,100,,,,,,,,,,,,,,,,,,,
173,best fingerless motorcycle gloves,CNY,50,-100%,-100%,未知,,,,,,,,,,,,,,,,,,,,
174,lace wedding gloves,CNY,500,0%,0%,高,99,1.85,7.43,,,,,,,,,,,,,,,,,
175,orvis fingerless gloves,CNY,50,0%,0%,高,100,,,,,,,,,,,,,,,,,,,
176,mens fingerless work gloves,CNY,500,0%,0%,高,100,1.05,4.03,,,,,,,,,,,,,,,,,
177,pearl wedding gloves,CNY,50,0%,0%,高,100,,,,,,,,,,,,,,,,,,,
178,north face fingerless gloves,CNY,50,0%,0%,低,12,,,,,,,,,,,,,,,,,,,
179,long bridal gloves,CNY,50,0%,0%,高,100,2.33,16.40,,,,,,,,,,,,,,,,,
180,wool half finger gloves,CNY,50,∞,∞,高,100,,,,,,,,,,,,,,,,,,,
181,pretty fingerless gloves,CNY,50,0%,0%,高,100,,,,,,,,,,,,,,,,,,,
182,short lace gloves,CNY,50,0%,0%,高,100,1.26,9.12,,,,,,,,,,,,,,,,,
183,best fingerless work gloves,CNY,50,-100%,-100%,未知,,,,,,,,,,,,,,,,,,,,
184,tulle gloves bridal,CNY,50,0%,0%,高,100,2.46,8.83,,,,,,,,,,,,,,,,,
185,satin wedding gloves,CNY,50,0%,0%,高,100,2.28,6.17,,,,,,,,,,,,,,,,,
186,mens thermal fingerless gloves,CNY,500,900%,900%,低,11,,,,,,,,,,,,,,,,,,,
187,ugg fingerless gloves womens,CNY,50,0%,0%,高,100,,,,,,,,,,,,,,,,,,,
188,sheer fingerless gloves,CNY,50,0%,0%,高,100,,,,,,,,,,,,,,,,,,,
189,fingerless gloves to protect thin skin,CNY,50,0%,∞,高,100,,,,,,,,,,,,,,,,,,,
190,kevlar fingerless gloves,CNY,50,0%,0%,高,95,,,,,,,,,,,,,,,,,,,
191,alpaca fingerless mittens,CNY,50,0%,0%,未知,,,,,,,,,,,,,,,,,,,,
192,long wedding gloves,CNY,50,0%,0%,高,100,2.57,8.20,,,,,,,,,,,,,,,,,
193,orange fingerless gloves,CNY,50,0%,0%,高,100,,,,,,,,,,,,,,,,,,,
194,fishnet fingerless gloves,CNY,500,900%,0%,高,99,1.09,3.70,,,,,,,,,,,,,,,,,
195,fingerless leather motorcycle gloves,CNY,50,0%,0%,高,100,1.10,3.98,,,,,,,,,,,,,,,,,
196,fingerless work gloves mens,CNY,500,0%,0%,高,100,1.05,4.03,,,,,,,,,,,,,,,,,
197,fluffy fingerless gloves,CNY,500,0%,0%,高,100,,,,,,,,,,,,,,,,,,,
198,long cashmere fingerless gloves,CNY,50,0%,0%,高,100,,,,,,,,,,,,,,,,,,,
199,fingerless uv protective gloves,CNY,50,0%,0%,高,99,1.16,3.59,,,,,,,,,,,,,,,,,
200,pearl gloves wedding,CNY,50,0%,0%,高,100,,,,,,,,,,,,,,,,,,,
201,fingerless,CNY,500,-90%,0%,中,59,,,,,,,,,,,,,,,,,,,
202,incrediwear fingerless circulation gloves,CNY,50,-100%,0%,未知,,,,,,,,,,,,,,,,,,,,
203,ladies fingerless mittens,CNY,5000,0%,0%,高,99,1.08,4.09,,,,,,,,,,,,,,,,,
204,navy fingerless gloves,CNY,50,0%,0%,高,100,,,,,,,,,,,,,,,,,,,
205,silver fingerless gloves,CNY,50,0%,0%,高,100,,,,,,,,,,,,,,,,,,,
206,white lace fingerless gloves,CNY,50,0%,0%,高,96,0.94,5.83,,,,,,,,,,,,,,,,,
207,karl lagerfeld fingerless gloves,CNY,50,0%,0%,高,100,,,,,,,,,,,,,,,,,,,
208,fingerless glove liners,CNY,50,0%,0%,高,100,,,,,,,,,,,,,,,,,,,
209,women's wool fingerless gloves,CNY,50,0%,0%,高,100,,,,,,,,,,,,,,,,,,,
210,black lace opera gloves,CNY,50,0%,0%,高,100,,,,,,,,,,,,,,,,,,,
211,rabbit fur fingerless gloves,CNY,50,0%,∞,低,0,,,,,,,,,,,,,,,,,,,
212,pachamama fingerless gloves,CNY,500,0%,0%,高,100,,,,,,,,,,,,,,,,,,,
213,spf 50 fingerless gloves,CNY,50,0%,∞,高,100,,,,,,,,,,,,,,,,,,,
214,arm gloves fingerless,CNY,50,0%,0%,高,97,,,,,,,,,,,,,,,,,,,
215,mittens with flap,CNY,50,0%,0%,高,100,,,,,,,,,,,,,,,,,,,
216,seasalt fingerless gloves,CNY,50,-100%,-100%,未知,,,,,,,,,,,,,,,,,,,,
217,green lace gloves,CNY,50,0%,0%,高,100,0.56,1.80,,,,,,,,,,,,,,,,,
218,dewalt fingerless gloves,CNY,500,0%,0%,高,100,1.63,14.98,,,,,,,,,,,,,,,,,
219,incrediwear circulation gloves,CNY,50,0%,0%,高,100,,,,,,,,,,,,,,,,,,,
220,satin gloves wedding,CNY,50,0%,0%,高,100,2.28,6.17,,,,,,,,,,,,,,,,,
221,fingerless sports gloves,CNY,50,0%,0%,高,100,0.96,5.51,,,,,,,,,,,,,,,,,
222,fingerless motorcycle riding gloves,CNY,50,0%,∞,高,100,,,,,,,,,,,,,,,,,,,
223,best wool fingerless gloves,CNY,50,0%,0%,未知,,,,,,,,,,,,,,,,,,,,
224,luxury fingerless gloves,CNY,50,0%,0%,高,100,,,,,,,,,,,,,,,,,,,
225,mens black fingerless gloves,CNY,50,0%,0%,高,100,,,,,,,,,,,,,,,,,,,
226,warm fingerless gloves for typing,CNY,50,-100%,0%,未知,,,,,,,,,,,,,,,,,,,,
227,mens fingerless gloves wool,CNY,500,0%,0%,高,100,,,,,,,,,,,,,,,,,,,
228,all saints fingerless gloves,CNY,50,0%,0%,高,100,,,,,,,,,,,,,,,,,,,
229,fuzzy fingerless gloves,CNY,50,∞,0%,低,0,,,,,,,,,,,,,,,,,,,
230,talus fingerless merino glove,CNY,50,0%,0%,未知,,,,,,,,,,,,,,,,,,,,
231,convertible fingerless mittens,CNY,50,-100%,-100%,未知,,,,,,,,,,,,,,,,,,,,
232,cool fingerless gloves,CNY,50,0%,0%,高,91,,,,,,,,,,,,,,,,,,,
233,fingerless hiking gloves,CNY,50,0%,0%,高,100,1.48,5.51,,,,,,,,,,,,,,,,,
234,long sleeve fingerless gloves,CNY,50,0%,0%,高,100,,,,,,,,,,,,,,,,,,,
235,fingerless mittens womens,CNY,5000,0%,0%,高,99,1.08,4.09,,,,,,,,,,,,,,,,,
236,best fingerless mittens,CNY,500,0%,0%,高,94,,,,,,,,,,,,,,,,,,,
237,cashmere fingerless gloves recycled,CNY,50,-100%,0%,未知,,,,,,,,,,,,,,,,,,,,
238,vivienne westwood fingerless gloves,CNY,50,0%,0%,高,100,,,,,,,,,,,,,,,,,,,
239,brown leather fingerless gloves,CNY,50,0%,0%,高,100,,,,,,,,,,,,,,,,,,,
240,cat fingerless gloves,CNY,50,0%,0%,高,100,,,,,,,,,,,,,,,,,,,
241,padded palm gloves fingerless,CNY,50,0%,0%,高,100,,,,,,,,,,,,,,,,,,,
242,women's gloves without fingertips,CNY,50,∞,∞,高,100,,,,,,,,,,,,,,,,,,,
243,waterproof fingerless gloves with mitten flap,CNY,50,-100%,0%,未知,,,,,,,,,,,,,,,,,,,,
244,mens fingerless gloves with mitten cover,CNY,50,0%,∞,高,100,,,,,,,,,,,,,,,,,,,
245,grey cashmere fingerless gloves,CNY,50,-100%,0%,未知,,,,,,,,,,,,,,,,,,,,
246,mink fingerless gloves,CNY,50,0%,0%,未知,,,,,,,,,,,,,,,,,,,,
247,alpaca gloves fingerless,CNY,50,0%,0%,高,100,,,,,,,,,,,,,,,,,,,
248,wrist warmer gloves,CNY,50,0%,∞,高,100,,,,,,,,,,,,,,,,,,,
249,shearling fingerless gloves,CNY,50,∞,∞,中,33,,,,,,,,,,,,,,,,,,,
250,sheer gloves wedding,CNY,50,0%,0%,高,100,1.53,7.61,,,,,,,,,,,,,,,,,
251,ivory bridal gloves,CNY,50,0%,0%,高,100,2.73,7.97,,,,,,,,,,,,,,,,,
252,women's fingerless work gloves,CNY,50,0%,0%,高,100,,,,,,,,,,,,,,,,,,,
253,fingerless gloves sun protection,CNY,50,0%,0%,高,100,1.58,9.40,,,,,,,,,,,,,,,,,
254,cashmere fingerless gloves with mitten cover,CNY,50,∞,∞,高,100,,,,,,,,,,,,,,,,,,,
255,beige fingerless gloves,CNY,50,0%,0%,高,87,,,,,,,,,,,,,,,,,,,
256,rhinestone fingerless gloves,CNY,50,0%,0%,高,100,,,,,,,,,,,,,,,,,,,
257,tulle gloves wedding,CNY,50,0%,0%,高,100,,,,,,,,,,,,,,,,,,,
258,womens black fingerless gloves,CNY,500,0%,0%,高,100,,,,,,,,,,,,,,,,,,,
259,rainbow fingerless gloves,CNY,50,0%,0%,高,100,,,,,,,,,,,,,,,,,,,
260,fingerless sleeves,CNY,50,0%,0%,高,100,,,,,,,,,,,,,,,,,,,
261,best fingerless gloves for winter,CNY,50,0%,0%,未知,,,,,,,,,,,,,,,,,,,,
262,fingerless gardening gloves,CNY,50,0%,0%,高,100,1.47,3.74,,,,,,,,,,,,,,,,,
263,black fingerless cashmere gloves,CNY,50,-100%,-100%,未知,,,,,,,,,,,,,,,,,,,,
264,cashmere convertible mittens,CNY,50,-100%,0%,未知,,,,,,,,,,,,,,,,,,,,
265,lace gloves for tea party,CNY,50,∞,0%,高,100,,,,,,,,,,,,,,,,,,,
266,purple lace gloves,CNY,50,0%,0%,高,100,,,,,,,,,,,,,,,,,,,
267,summer fingerless gloves,CNY,50,0%,0%,高,97,1.20,4.01,,,,,,,,,,,,,,,,,
268,ballroom gloves,CNY,50,0%,0%,高,86,,,,,,,,,,,,,,,,,,,
269,bride gloves for weddings,CNY,50,0%,0%,高,100,2.02,7.68,,,,,,,,,,,,,,,,,
270,fingerless wool hunting gloves,CNY,50,0%,0%,未知,,,,,,,,,,,,,,,,,,,,
271,fancy fingerless gloves,CNY,50,0%,0%,高,100,,,,,,,,,,,,,,,,,,,
272,wool flip top mittens,CNY,50,0%,0%,未知,,,,,,,,,,,,,,,,,,,,
273,half gloves leather,CNY,50,0%,0%,高,97,,,,,,,,,,,,,,,,,,,
274,blue lace gloves,CNY,50,0%,0%,高,100,,,,,,,,,,,,,,,,,,,
275,turtle doves recycled cashmere fingerless gloves,CNY,50,-100%,-100%,未知,,,,,,,,,,,,,,,,,,,,
276,jocelyn fingerless gloves,CNY,50,0%,∞,低,0,,,,,,,,,,,,,,,,,,,
277,yellow fingerless gloves,CNY,50,0%,0%,高,100,,,,,,,,,,,,,,,,,,,
278,merino wool gloves fingerless,CNY,500,0%,0%,高,100,3.79,10.19,,,,,,,,,,,,,,,,,
279,best mens fingerless gloves,CNY,50,0%,0%,高,100,,,,,,,,,,,,,,,,,,,
280,silk wedding gloves,CNY,50,0%,0%,高,100,,,,,,,,,,,,,,,,,,,
281,fish net gloves,CNY,500,0%,0%,高,96,0.87,2.23,,,,,,,,,,,,,,,,,
282,white stuff fingerless gloves,CNY,50,0%,0%,低,0,,,,,,,,,,,,,,,,,,,
283,satin bridal gloves,CNY,50,0%,0%,高,95,2.22,15.11,,,,,,,,,,,,,,,,,
284,cheap fingerless gloves,CNY,50,0%,0%,高,100,,,,,,,,,,,,,,,,,,,
285,red leather fingerless gloves,CNY,500,0%,0%,高,100,,,,,,,,,,,,,,,,,,,
286,fingerless gloves to protect back of hands,CNY,50,∞,0%,高,100,,,,,,,,,,,,,,,,,,,
287,lace hand gloves,CNY,50,0%,0%,高,96,,,,,,,,,,,,,,,,,,,
288,toast fingerless gloves,CNY,50,0%,0%,高,100,,,,,,,,,,,,,,,,,,,
289,elbow length fingerless gloves,CNY,50,0%,0%,高,96,,,,,,,,,,,,,,,,,,,
290,ivory lace gloves,CNY,50,0%,0%,高,100,1.71,6.42,,,,,,,,,,,,,,,,,
291,mens fingerless driving gloves,CNY,50,0%,0%,高,96,1.57,5.32,,,,,,,,,,,,,,,,,
292,warm fingerless gloves women's,CNY,50,-100%,-100%,未知,,,,,,,,,,,,,,,,,,,,
293,sheepskin fingerless mittens,CNY,500,0%,0%,高,100,,,,,,,,,,,,,,,,,,,
294,thin fingerless gloves for typing,CNY,50,0%,0%,高,100,,,,,,,,,,,,,,,,,,,
295,fingerless evening gloves,CNY,50,0%,0%,中,53,,,,,,,,,,,,,,,,,,,
296,hand warmer gloves fingerless,CNY,500,0%,0%,高,100,,,,,,,,,,,,,,,,,,,
297,thin thermal fingerless gloves,CNY,50,0%,∞,高,100,,,,,,,,,,,,,,,,,,,
298,womens lace gloves,CNY,500,0%,0%,高,100,1.04,5.22,,,,,,,,,,,,,,,,,
299,fox fingerless gloves,CNY,50,0%,0%,高,100,,,,,,,,,,,,,,,,,,,
300,fingerless leather work gloves,CNY,50,0%,0%,高,100,,,,,,,,,,,,,,,,,,,
301,fur fingerless mittens,CNY,50,0%,0%,低,0,,,,,,,,,,,,,,,,,,,
302,isotoner therapeutic gloves open finger,CNY,50,0%,∞,高,100,,,,,,,,,,,,,,,,,,,
303,fingerless protective gloves,CNY,50,0%,0%,高,96,,,,,,,,,,,,,,,,,,,
304,black lace gloves near me,CNY,50,0%,∞,高,67,,,,,,,,,,,,,,,,,,,
305,gold fingerless gloves,CNY,50,0%,0%,高,100,,,,,,,,,,,,,,,,,,,
306,wedding gloves sheer,CNY,50,0%,0%,高,100,1.53,7.61,,,,,,,,,,,,,,,,,
307,cashmere wrist warmers with thumb holes,CNY,50,0%,0%,未知,,,,,,,,,,,,,,,,,,,,
308,gore tex fingerless gloves,CNY,50,-100%,0%,未知,,,,,,,,,,,,,,,,,,,,
309,black wedding gloves,CNY,50,0%,0%,高,100,,,,,,,,,,,,,,,,,,,
310,thinsulate fingerless gloves mens,CNY,50,0%,0%,高,100,,,,,,,,,,,,,,,,,,,
311,long white lace gloves,CNY,50,0%,0%,高,100,,,,,,,,,,,,,,,,,,,
312,barbour fingerless gloves mens,CNY,50,∞,∞,高,100,,,,,,,,,,,,,,,,,,,
313,women's fingerless motorcycle gloves,CNY,50,0%,0%,高,72,1.17,2.20,,,,,,,,,,,,,,,,,
314,bridal tulle gloves,CNY,50,0%,0%,高,100,,,,,,,,,,,,,,,,,,,
315,fingerless gloves for sale,CNY,50,0%,0%,高,100,,,,,,,,,,,,,,,,,,,
316,leather biker gloves fingerless,CNY,50,0%,0%,高,100,1.10,3.98,,,,,,,,,,,,,,,,,
317,fingerless gloves womens cashmere,CNY,50,-100%,-100%,未知,,,,,,,,,,,,,,,,,,,,
318,fairisle fingerless gloves,CNY,500,0%,0%,高,81,,,,,,,,,,,,,,,,,,,
319,gold lace gloves,CNY,50,0%,0%,高,100,1.58,8.53,,,,,,,,,,,,,,,,,
320,barbour mens fingerless gloves,CNY,50,0%,∞,高,100,,,,,,,,,,,,,,,,,,,
321,thermal gloves fingerless,CNY,500,0%,900%,中,54,1.43,6.55,,,,,,,,,,,,,,,,,
322,alpaca wool fingerless gloves,CNY,50,0%,0%,高,100,,,,,,,,,,,,,,,,,,,
323,johnstons of elgin fingerless gloves,CNY,50,0%,∞,高,100,,,,,,,,,,,,,,,,,,,
324,long lace gloves fingerless,CNY,50,0%,0%,高,100,0.84,5.43,,,,,,,,,,,,,,,,,
325,warm fingerless work gloves,CNY,50,0%,0%,高,100,,,,,,,,,,,,,,,,,,,
326,fingerless wool fishing gloves,CNY,50,-100%,0%,未知,,,,,,,,,,,,,,,,,,,,
327,vintage lace gloves,CNY,50,0%,0%,高,97,0.17,3.33,,,,,,,,,,,,,,,,,
328,thermal fingerless gloves womens,CNY,500,0%,0%,高,100,1.20,8.08,,,,,,,,,,,,,,,,,
329,women's fingerless winter gloves,CNY,50,0%,0%,高,100,,,,,,,,,,,,,,,,,,,
330,cashmere half finger gloves,CNY,50,-100%,-100%,未知,,,,,,,,,,,,,,,,,,,,
331,satin fingerless gloves,CNY,50,0%,0%,高,80,,,,,,,,,,,,,,,,,,,
332,mesh bridal gloves,CNY,50,0%,0%,高,100,,,,,,,,,,,,,,,,,,,
333,hestra fingerless gloves,CNY,50,0%,0%,高,100,,,,,,,,,,,,,,,,,,,
334,fingerless mittens cashmere,CNY,5000,0%,0%,高,100,1.92,11.04,,,,,,,,,,,,,,,,,
335,fur lined fingerless gloves,CNY,50,0%,0%,高,100,,,,,,,,,,,,,,,,,,,
336,ladies lace gloves,CNY,50,0%,0%,高,100,1.31,9.18,,,,,,,,,,,,,,,,,
337,handless gloves,CNY,50,0%,0%,中,46,,,,,,,,,,,,,,,,,,,
338,amazon fingerless gloves ladies,CNY,50,0%,0%,中,64,,,,,,,,,,,,,,,,,,,
339,echo fingerless gloves,CNY,50,0%,0%,未知,,,,,,,,,,,,,,,,,,,,
340,warm fingerless gloves mens,CNY,50,0%,0%,未知,,,,,,,,,,,,,,,,,,,,
341,mens gloves without fingers,CNY,5000,0%,0%,中,65,1.50,9.71,,,,,,,,,,,,,,,,,
342,short bridal gloves,CNY,50,0%,0%,高,100,1.57,12.16,,,,,,,,,,,,,,,,,
343,fingerless cashmere mittens,CNY,5000,0%,0%,高,100,1.92,11.04,,,,,,,,,,,,,,,,,
344,lace gucci gloves,CNY,50,∞,0%,高,100,,,,,,,,,,,,,,,,,,,
345,long leather fingerless gloves,CNY,50,0%,0%,高,100,,,,,,,,,,,,,,,,,,,
346,black fingerless mittens,CNY,50,0%,0%,高,100,,,,,,,,,,,,,,,,,,,
347,fingerless wool gloves women,CNY,50,0%,0%,高,100,,,,,,,,,,,,,,,,,,,
348,sherpa fingerless gloves,CNY,50,-100%,0%,未知,,,,,,,,,,,,,,,,,,,,
349,navy blue fingerless gloves,CNY,50,0%,0%,高,100,,,,,,,,,,,,,,,,,,,
350,long black gloves fingerless,CNY,50,0%,0%,高,100,,,,,,,,,,,,,,,,,,,
351,upf fingerless gloves,CNY,50,0%,0%,高,100,,,,,,,,,,,,,,,,,,,
352,cable knit fingerless gloves,CNY,50,0%,0%,高,100,,,,,,,,,,,,,,,,,,,
353,fox river fingerless gloves,CNY,50,-100%,0%,未知,,,,,,,,,,,,,,,,,,,,
354,joules fingerless gloves,CNY,50,0%,∞,低,0,,,,,,,,,,,,,,,,,,,
355,fingerless gloves wholesale,CNY,50,-100%,-100%,未知,,,,,,,,,,,,,,,,,,,,
356,fingerless gloves with cover,CNY,50,0%,0%,中,50,,,,,,,,,,,,,,,,,,,
357,long gloves without fingers,CNY,500,0%,0%,高,95,0.61,6.65,,,,,,,,,,,,,,,,,
358,best thermal fingerless gloves,CNY,50,-100%,-100%,未知,,,,,,,,,,,,,,,,,,,,
359,bridal long gloves,CNY,50,0%,0%,高,100,2.33,16.40,,,,,,,,,,,,,,,,,
360,thinsulate fingerless gloves womens,CNY,50,-100%,-100%,未知,,,,,,,,,,,,,,,,,,,,
361,fingerless gloves mittens women's,CNY,50,0%,0%,未知,,,,,,,,,,,,,,,,,,,,
362,half finger fishing gloves,CNY,50,-100%,0%,未知,,,,,,,,,,,,,,,,,,,,
363,mittens without fingers,CNY,500,0%,0%,高,96,1.43,7.31,,,,,,,,,,,,,,,,,
364,dove fingerless gloves,CNY,50,0%,0%,高,100,,,,,,,,,,,,,,,,,,,
365,lined fingerless gloves,CNY,50,0%,0%,未知,,,,,,,,,,,,,,,,,,,,
366,ugg fingerless mittens,CNY,500,0%,0%,中,63,,,,,,,,,,,,,,,,,,,
367,turtle doves cashmere fingerless gloves,CNY,500,0%,0%,高,97,,,,,,,,,,,,,,,,,,,
368,superdry fingerless gloves,CNY,50,0%,0%,高,100,,,,,,,,,,,,,,,,,,,
369,open finger work gloves,CNY,50,0%,0%,高,100,,,,,,,,,,,,,,,,,,,
370,soft fingerless gloves women's,CNY,50,0%,∞,高,100,,,,,,,,,,,,,,,,,,,
371,embroidered fingerless gloves,CNY,50,0%,0%,高,73,,,,,,,,,,,,,,,,,,,
372,fingerless thermal gloves mens,CNY,500,900%,900%,低,11,,,,,,,,,,,,,,,,,,,
373,sparkly fingerless gloves,CNY,50,0%,0%,高,100,,,,,,,,,,,,,,,,,,,
374,skull fingerless gloves,CNY,50,0%,0%,高,86,,,,,,,,,,,,,,,,,,,
375,half finger motorcycle gloves,CNY,50,0%,0%,高,100,,,,,,,,,,,,,,,,,,,
376,sundance fingerless gloves,CNY,0,0%,0%,未知,,,,,,,,,,,,,,,,,,,,
377,studded fingerless gloves,CNY,50,0%,0%,高,100,,,,,,,,,,,,,,,,,,,
378,white cotton fingerless gloves,CNY,50,0%,0%,高,100,0.62,2.00,,,,,,,,,,,,,,,,,
379,aran fingerless gloves,CNY,50,0%,0%,高,100,,,,,,,,,,,,,,,,,,,
380,high quality fingerless gloves,CNY,50,0%,∞,高,100,,,,,,,,,,,,,,,,,,,
381,sequin fingerless gloves,CNY,50,0%,0%,高,100,,,,,,,,,,,,,,,,,,,
382,isotoner fingerless therapeutic compression gloves,CNY,50,-100%,-100%,未知,,,,,,,,,,,,,,,,,,,,
383,fox river fingerless ragg gloves,CNY,50,0%,0%,未知,,,,,,,,,,,,,,,,,,,,
384,fingerless convertible mittens,CNY,50,-100%,-100%,未知,,,,,,,,,,,,,,,,,,,,
385,fingerless gloves bulk,CNY,50,0%,-100%,未知,,,,,,,,,,,,,,,,,,,,
386,fingerless cashmere gloves mens,CNY,50,0%,0%,高,100,,,,,,,,,,,,,,,,,,,
387,best heated fingerless gloves,CNY,50,0%,0%,高,100,1.35,7.45,,,,,,,,,,,,,,,,,
388,ralph lauren fingerless gloves,CNY,50,∞,0%,中,50,,,,,,,,,,,,,,,,,,,
389,waterproof fingerless mittens,CNY,500,0%,0%,高,100,0.91,6.64,,,,,,,,,,,,,,,,,
390,trailheads convertible mittens,CNY,50,0%,0%,高,100,,,,,,,,,,,,,,,,,,,
391,work gloves without fingertips,CNY,50,0%,0%,高,100,,,,,,,,,,,,,,,,,,,
392,flip finger gloves,CNY,50,-100%,-100%,未知,,,,,,,,,,,,,,,,,,,,
393,bridal gloves tulle,CNY,50,∞,0%,高,100,,,,,,,,,,,,,,,,,,,
394,black wool fingerless gloves,CNY,50,0%,0%,高,97,,,,,,,,,,,,,,,,,,,
395,zara fingerless gloves,CNY,50,0%,0%,高,100,,,,,,,,,,,,,,,,,,,
396,navy lace gloves,CNY,50,0%,0%,高,97,0.89,3.03,,,,,,,,,,,,,,,,,
397,dresses with long gloves,CNY,50,0%,0%,高,95,,,,,,,,,,,,,,,,,,,
398,fingerless winter work gloves,CNY,50,0%,-100%,未知,,,,,,,,,,,,,,,,,,,,
399,fingerless elbow gloves,CNY,50,0%,0%,中,60,,,,,,,,,,,,,,,,,,,
400,mens fingerless gloves cashmere,CNY,500,0%,0%,中,41,,,,,,,,,,,,,,,,,,,
401,merino wool fingerless gloves womens,CNY,50,-100%,-100%,未知,,,,,,,,,,,,,,,,,,,,
402,heavy duty fingerless gloves,CNY,50,0%,0%,高,100,,,,,,,,,,,,,,,,,,,
403,usb fingerless gloves,CNY,50,-100%,-100%,未知,,,,,,,,,,,,,,,,,,,,
404,winter gloves with open fingers,CNY,50,0%,-100%,未知,,,,,,,,,,,,,,,,,,,,
405,half finger mittens,CNY,50,-100%,0%,未知,,,,,,,,,,,,,,,,,,,,
406,sleeve gloves fingerless,CNY,50,0%,0%,高,91,,,,,,,,,,,,,,,,,,,
407,bridal opera gloves,CNY,50,0%,0%,高,86,,,,,,,,,,,,,,,,,,,
408,spf fingerless gloves,CNY,50,0%,∞,高,100,1.77,6.00,,,,,,,,,,,,,,,,,
409,cashmere mens fingerless gloves,CNY,500,0%,0%,中,41,,,,,,,,,,,,,,,,,,,
410,cornelia james wedding gloves,CNY,50,0%,0%,高,100,,,,,,,,,,,,,,,,,,,
411,urban outfitters fingerless gloves,CNY,50,-100%,0%,未知,,,,,,,,,,,,,,,,,,,,
412,solmate fingerless gloves,CNY,50,0%,0%,未知,,,,,,,,,,,,,,,,,,,,
413,amazon lace gloves,CNY,50,0%,0%,高,95,3.16,3.36,,,,,,,,,,,,,,,,,
414,fingerless ice fishing gloves,CNY,0,0%,0%,未知,,,,,,,,,,,,,,,,,,,,
415,small fingerless gloves,CNY,50,0%,0%,高,100,,,,,,,,,,,,,,,,,,,
416,bhldn gloves,CNY,0,0%,-100%,未知,,,,,,,,,,,,,,,,,,,,
417,mens warm fingerless gloves,CNY,50,-100%,0%,未知,,,,,,,,,,,,,,,,,,,,
418,goth fingerless gloves,CNY,50,0%,0%,高,97,1.03,14.08,,,,,,,,,,,,,,,,,
419,fingerless work gloves women's,CNY,50,0%,0%,高,100,,,,,,,,,,,,,,,,,,,
420,navy cashmere fingerless gloves,CNY,50,0%,0%,未知,,,,,,,,,,,,,,,,,,,,
421,accessorize fingerless gloves,CNY,50,0%,0%,高,94,,,,,,,,,,,,,,,,,,,
422,convertible mittens with thumb flap,CNY,50,∞,∞,高,100,,,,,,,,,,,,,,,,,,,
423,short wedding gloves,CNY,50,0%,0%,高,100,,,,,,,,,,,,,,,,,,,
424,suede fingerless gloves,CNY,50,0%,0%,高,100,,,,,,,,,,,,,,,,,,,
425,white lace gloves near me,CNY,50,0%,-100%,未知,,,,,,,,,,,,,,,,,,,,
426,cream lace gloves,CNY,50,0%,0%,高,100,1.22,6.92,,,,,,,,,,,,,,,,,
427,pink cashmere fingerless gloves,CNY,50,0%,-100%,未知,,,,,,,,,,,,,,,,,,,,
428,spandex fingerless gloves,CNY,50,0%,0%,高,67,,,,,,,,,,,,,,,,,,,
429,ironclad fingerless gloves,CNY,50,0%,0%,高,100,,,,,,,,,,,,,,,,,,,
430,black mesh fingerless gloves,CNY,50,0%,0%,高,100,,,,,,,,,,,,,,,,,,,
431,white leather fingerless gloves,CNY,50,0%,0%,高,100,,,,,,,,,,,,,,,,,,,
432,thermal fingerless gloves arthritis,CNY,50,0%,-100%,未知,,,,,,,,,,,,,,,,,,,,
433,fleece lined fingerless mittens,CNY,50,0%,-100%,未知,,,,,,,,,,,,,,,,,,,,
434,best fingerless gloves for work,CNY,50,-100%,0%,未知,,,,,,,,,,,,,,,,,,,,
435,motorcycle half gloves,CNY,50,0%,0%,高,75,,,,,,,,,,,,,,,,,,,
436,merino wool convertible mittens,CNY,50,0%,0%,未知,,,,,,,,,,,,,,,,,,,,
437,handmade fingerless gloves,CNY,50,∞,0%,高,100,,,,,,,,,,,,,,,,,,,
438,men's fingerless leather driving gloves,CNY,50,0%,0%,中,56,,,,,,,,,,,,,,,,,,,
439,etsy cashmere fingerless gloves,CNY,50,0%,0%,未知,,,,,,,,,,,,,,,,,,,,
440,nice fingerless gloves,CNY,50,-100%,0%,未知,,,,,,,,,,,,,,,,,,,,
441,fleece fingerless mittens,CNY,50,0%,0%,未知,,,,,,,,,,,,,,,,,,,,
442,hunting fingerless gloves,CNY,50,0%,0%,高,100,,,,,,,,,,,,,,,,,,,
443,fingerless sunscreen gloves,CNY,50,0%,0%,高,100,1.58,9.40,,,,,,,,,,,,,,,,,
444,neoprene fingerless fishing gloves,CNY,50,0%,0%,高,100,,,,,,,,,,,,,,,,,,,
445,long black fingerless evening gloves,CNY,50,∞,∞,高,100,,,,,,,,,,,,,,,,,,,
446,vince fingerless gloves,CNY,0,0%,0%,未知,,,,,,,,,,,,,,,,,,,,
447,bridal gloves long,CNY,50,0%,0%,高,100,2.33,16.40,,,,,,,,,,,,,,,,,
448,usb heated fingerless gloves,CNY,50,0%,∞,高,100,,,,,,,,,,,,,,,,,,,
449,black lace gloves gucci,CNY,50,∞,0%,高,100,,,,,,,,,,,,,,,,,,,
450,lace gloves long,CNY,500,0%,900%,高,100,1.10,17.25,,,,,,,,,,,,,,,,,
451,gloves fingerless women's,CNY,5000,0%,0%,高,99,1.08,4.09,,,,,,,,,,,,,,,,,
452,thinsulate fingerless gloves with mitten cover,CNY,50,0%,∞,低,0,,,,,,,,,,,,,,,,,,,
453,cut out gloves,CNY,50,0%,0%,低,0,,,,,,,,,,,,,,,,,,,
454,wool finger gloves,CNY,50,0%,∞,高,100,,,,,,,,,,,,,,,,,,,
455,fingerless gloves women leather,CNY,50,0%,0%,高,100,,,,,,,,,,,,,,,,,,,
456,lace elbow gloves,CNY,50,0%,0%,高,100,,,,,,,,,,,,,,,,,,,
457,karl lagerfeld gloves fingerless,CNY,50,0%,0%,高,100,,,,,,,,,,,,,,,,,,,
458,bridal sheer gloves,CNY,50,0%,0%,高,88,,,,,,,,,,,,,,,,,,,
459,women's warm fingerless gloves,CNY,50,-100%,-100%,未知,,,,,,,,,,,,,,,,,,,,
460,long tulle wedding gloves,CNY,50,0%,0%,未知,,,,,,,,,,,,,,,,,,,,
461,best mens fingerless winter gloves,CNY,50,∞,0%,高,100,,,,,,,,,,,,,,,,,,,
462,hand gloves without fingers,CNY,50,0%,0%,高,75,,,,,,,,,,,,,,,,,,,
463,black leather fingerless gloves women's,CNY,50,0%,0%,高,90,,,,,,,,,,,,,,,,,,,
464,short fingerless gloves,CNY,50,0%,0%,高,100,,,,,,,,,,,,,,,,,,,
465,fingerless gloves for cold hands,CNY,50,-100%,0%,未知,,,,,,,,,,,,,,,,,,,,
466,half finger leather gloves,CNY,50,0%,0%,高,100,,,,,,,,,,,,,,,,,,,
467,xxl fingerless gloves,CNY,50,0%,0%,高,100,,,,,,,,,,,,,,,,,,,
468,best fingerless driving gloves,CNY,50,0%,0%,高,100,,,,,,,,,,,,,,,,,,,
469,merino wool fingerless mittens,CNY,500,0%,0%,高,100,3.79,10.19,,,,,,,,,,,,,,,,,
470,star fingerless gloves,CNY,50,0%,0%,高,90,,,,,,,,,,,,,,,,,,,
471,camo fingerless gloves,CNY,50,0%,0%,高,100,,,,,,,,,,,,,,,,,,,
472,fingerless gloves raynaud's,CNY,50,0%,0%,高,100,,,,,,,,,,,,,,,,,,,
473,fingerless gloves for driving,CNY,500,0%,-90%,高,98,1.15,6.46,,,,,,,,,,,,,,,,,
474,fingerless gloves shein,CNY,50,0%,0%,低,29,,,,,,,,,,,,,,,,,,,
475,nylon fingerless gloves,CNY,50,0%,0%,高,100,,,,,,,,,,,,,,,,,,,
476,boden fingerless gloves,CNY,50,0%,0%,未知,,,,,,,,,,,,,,,,,,,,
477,long white wedding gloves,CNY,50,0%,0%,高,100,,,,,,,,,,,,,,,,,,,
478,rabbit fingerless gloves,CNY,50,0%,0%,未知,,,,,,,,,,,,,,,,,,,,
479,dents fingerless gloves,CNY,50,0%,0%,高,100,,,,,,,,,,,,,,,,,,,
480,silk bridal gloves,CNY,50,0%,0%,高,100,,,,,,,,,,,,,,,,,,,
481,wrist warmer fingerless gloves,CNY,50,0%,-100%,未知,,,,,,,,,,,,,,,,,,,,
482,fingerless flip gloves,CNY,50,-100%,0%,未知,,,,,,,,,,,,,,,,,,,,
483,short black lace gloves,CNY,50,0%,0%,高,100,1.22,6.63,,,,,,,,,,,,,,,,,
484,flesh colored fingerless gloves,CNY,50,0%,0%,未知,,,,,,,,,,,,,,,,,,,,
485,leather gloves without fingers,CNY,500,0%,0%,高,98,1.01,6.36,,,,,,,,,,,,,,,,,
486,mens gloves with open fingers,CNY,50,0%,∞,高,100,,,,,,,,,,,,,,,,,,,
487,fingerless sleeve gloves,CNY,50,0%,0%,高,91,,,,,,,,,,,,,,,,,,,
488,women's fingerless gloves with mitten flap,CNY,50,0%,0%,高,100,,,,,,,,,,,,,,,,,,,
489,black bridal gloves,CNY,50,0%,0%,高,100,,,,,,,,,,,,,,,,,,,
490,rick owens fingerless gloves,CNY,50,0%,0%,高,100,,,,,,,,,,,,,,,,,,,
491,stylish fingerless gloves,CNY,50,0%,∞,高,100,,,,,,,,,,,,,,,,,,,
492,fingerless winter gloves womens,CNY,50,0%,0%,高,100,,,,,,,,,,,,,,,,,,,
493,heated fingerless work gloves,CNY,50,0%,0%,未知,,,,,,,,,,,,,,,,,,,,
494,punk fingerless gloves,CNY,50,0%,0%,高,100,,,,,,,,,,,,,,,,,,,
495,skin tone fingerless gloves,CNY,50,0%,0%,高,100,,,,,,,,,,,,,,,,,,,
496,ebay fingerless gloves,CNY,50,0%,0%,高,100,,,,,,,,,,,,,,,,,,,
497,thinsulate convertible mittens,CNY,50,0%,0%,未知,,,,,,,,,,,,,,,,,,,,
498,fingerless lace gloves white,CNY,50,0%,0%,高,96,0.94,5.83,,,,,,,,,,,,,,,,,
499,fingerless sheer gloves,CNY,50,0%,0%,高,100,,,,,,,,,,,,,,,,,,,
500,white gloves bridal,CNY,500,0%,0%,高,100,1.88,9.29,,,,,,,,,,,,,,,,,
501,fingerless gloves mitten flap,CNY,50,-100%,-100%,未知,,,,,,,,,,,,,,,,,,,,
502,hand warmer fingerless gloves,CNY,500,0%,0%,高,100,,,,,,,,,,,,,,,,,,,
503,breathable fingerless gloves,CNY,50,0%,0%,高,100,,,,,,,,,,,,,,,,,,,
504,good quality fingerless gloves,CNY,50,0%,∞,高,100,,,,,,,,,,,,,,,,,,,
505,wool fingerless hunting gloves,CNY,50,0%,0%,未知,,,,,,,,,,,,,,,,,,,,
506,fingerless upf gloves,CNY,50,0%,0%,高,100,,,,,,,,,,,,,,,,,,,
507,custom bridal gloves,CNY,50,-100%,-100%,未知,,,,,,,,,,,,,,,,,,,,
508,98250 13vm,CNY,50,0%,0%,未知,,,,,,,,,,,,,,,,,,,,
509,mohair fingerless gloves,CNY,50,-100%,-100%,未知,,,,,,,,,,,,,,,,,,,,
510,cashmere fingerless gloves black,CNY,50,-100%,-100%,未知,,,,,,,,,,,,,,,,,,,,
511,mens merino wool fingerless gloves,CNY,50,0%,0%,未知,,,,,,,,,,,,,,,,,,,,
512,overland fingerless gloves,CNY,50,0%,0%,未知,,,,,,,,,,,,,,,,,,,,
513,black fingerless gloves long,CNY,50,0%,0%,高,100,,,,,,,,,,,,,,,,,,,
514,mesh wedding gloves,CNY,50,0%,0%,高,100,,,,,,,,,,,,,,,,,,,
515,primark fingerless gloves,CNY,500,0%,0%,高,91,,,,,,,,,,,,,,,,,,,
516,gloves fingerless with cover,CNY,50,0%,0%,中,50,,,,,,,,,,,,,,,,,,,
517,electric fingerless gloves,CNY,50,0%,∞,高,100,,,,,,,,,,,,,,,,,,,
518,fingerless gauntlets,CNY,50,0%,0%,高,76,,,,,,,,,,,,,,,,,,,
519,fingerless gloves wrist warmers,CNY,50,0%,-100%,未知,,,,,,,,,,,,,,,,,,,,
520,moncler fingerless gloves,CNY,50,0%,∞,低,0,,,,,,,,,,,,,,,,,,,
521,opera gloves fingerless,CNY,50,0%,0%,中,53,,,,,,,,,,,,,,,,,,,
522,fingerless gloves for office work,CNY,50,-100%,-100%,未知,,,,,,,,,,,,,,,,,,,,
523,hot pink lace gloves,CNY,50,0%,0%,高,100,,,,,,,,,,,,,,,,,,,
524,mens leather fingerless driving gloves,CNY,50,0%,0%,中,56,,,,,,,,,,,,,,,,,,,
525,wool fingerless gloves leather palm,CNY,50,0%,0%,未知,,,,,,,,,,,,,,,,,,,,
526,best fingerless gloves with mitten flap,CNY,50,0%,0%,未知,,,,,,,,,,,,,,,,,,,,
527,womens sheepskin fingerless gloves,CNY,50,-100%,-100%,未知,,,,,,,,,,,,,,,,,,,,
528,fingerless work gloves amazon,CNY,50,0%,0%,高,92,3.36,14.74,,,,,,,,,,,,,,,,,
529,thick fingerless gloves,CNY,50,0%,∞,高,100,,,,,,,,,,,,,,,,,,,
530,black satin fingerless gloves,CNY,50,-100%,-100%,未知,,,,,,,,,,,,,,,,,,,,
531,gray fingerless gloves,CNY,500,0%,0%,高,96,,,,,,,,,,,,,,,,,,,
532,velvet fingerless gloves,CNY,50,0%,0%,高,100,,,,,,,,,,,,,,,,,,,
533,fingerless gloves for musicians,CNY,50,-100%,0%,未知,,,,,,,,,,,,,,,,,,,,
534,woolovers fingerless gloves,CNY,50,0%,0%,高,100,,,,,,,,,,,,,,,,,,,
535,quality fingerless gloves,CNY,50,0%,-100%,未知,,,,,,,,,,,,,,,,,,,,
536,gloves fingerless mens,CNY,5000,0%,0%,中,65,1.50,9.71,,,,,,,,,,,,,,,,,
537,turtle fingerless gloves,CNY,50,∞,∞,高,100,,,,,,,,,,,,,,,,,,,
538,best fingerless gloves for warmth,CNY,50,-100%,0%,未知,,,,,,,,,,,,,,,,,,,,
539,filson fingerless knit gloves,CNY,50,0%,0%,未知,,,,,,,,,,,,,,,,,,,,
540,fingerless flip top mittens,CNY,50,-100%,0%,未知,,,,,,,,,,,,,,,,,,,,
541,fingerless racing gloves,CNY,50,0%,0%,高,100,,,,,,,,,,,,,,,,,,,
542,wedding gloves near me,CNY,50,0%,0%,高,100,,,,,,,,,,,,,,,,,,,
543,mens half gloves,CNY,50,0%,0%,高,100,,,,,,,,,,,,,,,,,,,
544,deerskin fingerless gloves,CNY,50,0%,0%,未知,,,,,,,,,,,,,,,,,,,,
545,ugg chunky fingerless gloves,CNY,50,0%,0%,未知,,,,,,,,,,,,,,,,,,,,
546,cashmere gloves without fingers,CNY,5000,0%,0%,高,100,1.92,11.04,,,,,,,,,,,,,,,,,
547,bridal gloves near me,CNY,50,0%,0%,高,100,,,,,,,,,,,,,,,,,,,
548,hot pink fingerless gloves,CNY,50,0%,0%,高,100,,,,,,,,,,,,,,,,,,,
549,wedding gloves long,CNY,50,0%,0%,高,100,2.57,8.20,,,,,,,,,,,,,,,,,
550,warmest fingerless mittens,CNY,50,0%,0%,未知,,,,,,,,,,,,,,,,,,,,
551,indoor fingerless gloves,CNY,50,-100%,-100%,未知,,,,,,,,,,,,,,,,,,,,
552,mesh gloves fingerless,CNY,50,0%,0%,高,100,,,,,,,,,,,,,,,,,,,
553,lace gloves gucci,CNY,50,0%,0%,高,100,,,,,,,,,,,,,,,,,,,
554,women's fingerless gloves with flap,CNY,50,-100%,0%,未知,,,,,,,,,,,,,,,,,,,,
555,white lace opera gloves,CNY,50,0%,0%,高,100,,,,,,,,,,,,,,,,,,,
556,leopard print fingerless gloves,CNY,500,0%,0%,高,100,,,,,,,,,,,,,,,,,,,
557,white satin wedding gloves,CNY,50,0%,0%,高,100,,,,,,,,,,,,,,,,,,,
558,thermal fingerless mittens,CNY,50,0%,∞,高,100,,,,,,,,,,,,,,,,,,,
559,opera gloves wedding,CNY,50,0%,0%,高,100,,,,,,,,,,,,,,,,,,,
560,navy blue lace gloves,CNY,50,0%,0%,高,100,1.42,8.01,,,,,,,,,,,,,,,,,
561,extra large fingerless gloves,CNY,50,-100%,-100%,未知,,,,,,,,,,,,,,,,,,,,
562,fingerless gloves turtle doves,CNY,50,-100%,-100%,未知,,,,,,,,,,,,,,,,,,,,
563,flight gloves fingerless,CNY,50,0%,∞,高,93,,,,,,,,,,,,,,,,,,,
564,cat paw fingerless gloves,CNY,50,0%,0%,高,100,,,,,,,,,,,,,,,,,,,
565,fingerless construction gloves,CNY,50,0%,0%,高,100,,,,,,,,,,,,,,,,,,,
566,women's half finger gloves,CNY,50,0%,0%,高,100,,,,,,,,,,,,,,,,,,,
567,best fingerless gloves mens,CNY,50,0%,0%,未知,,,,,,,,,,,,,,,,,,,,
568,fingerless gloves mens wool,CNY,500,0%,0%,高,100,,,,,,,,,,,,,,,,,,,
569,cut off finger gloves,CNY,50,0%,0%,高,83,,,,,,,,,,,,,,,,,,,
570,wristees gloves,CNY,50,0%,0%,未知,,,,,,,,,,,,,,,,,,,,
571,lace gloves vintage,CNY,50,0%,0%,高,97,0.17,3.33,,,,,,,,,,,,,,,,,
572,beige lace gloves,CNY,50,0%,0%,高,100,,,,,,,,,,,,,,,,,,,
573,fingerless leather gloves motorcycle,CNY,50,0%,0%,高,100,1.10,3.98,,,,,,,,,,,,,,,,,
574,funky fingerless gloves,CNY,50,-100%,-100%,未知,,,,,,,,,,,,,,,,,,,,
575,rechargeable fingerless gloves,CNY,50,-100%,-100%,未知,,,,,,,,,,,,,,,,,,,,
576,mens sheepskin fingerless gloves,CNY,50,-100%,-100%,未知,,,,,,,,,,,,,,,,,,,,
577,crocheting gloves,CNY,500,0%,0%,高,91,1.18,8.14,,,,,,,,,,,,,,,,,
578,sunblock fingerless gloves,CNY,50,0%,-100%,未知,,,,,,,,,,,,,,,,,,,,
579,fingerless walking gloves,CNY,50,0%,0%,高,100,3.11,6.77,,,,,,,,,,,,,,,,,
580,fingerless bamboo gloves,CNY,50,0%,0%,高,100,,,,,,,,,,,,,,,,,,,
581,flip top fingerless gloves,CNY,50,-100%,0%,未知,,,,,,,,,,,,,,,,,,,,
582,adrienne landau fingerless gloves,CNY,0,0%,0%,未知,,,,,,,,,,,,,,,,,,,,
583,running fingerless gloves,CNY,50,0%,0%,高,68,2.29,4.97,,,,,,,,,,,,,,,,,
584,fingerless gloves long sleeve,CNY,50,0%,0%,高,100,,,,,,,,,,,,,,,,,,,
585,plus size lace gloves,CNY,50,0%,∞,高,98,,,,,,,,,,,,,,,,,,,
586,half finger winter gloves,CNY,50,∞,0%,中,50,,,,,,,,,,,,,,,,,,,
587,half finger gloves for ladies,CNY,50,0%,0%,高,100,,,,,,,,,,,,,,,,,,,
588,fingerless gloves convertible,CNY,50,-100%,-100%,未知,,,,,,,,,,,,,,,,,,,,
589,long white fingerless gloves,CNY,50,0%,0%,高,100,,,,,,,,,,,,,,,,,,,
590,waterproof fingerless work gloves,CNY,50,∞,∞,高,100,,,,,,,,,,,,,,,,,,,
591,heated gloves without fingertips,CNY,50,-100%,0%,未知,,,,,,,,,,,,,,,,,,,,
592,chanel fingerless gloves for sale,CNY,50,0%,0%,未知,,,,,,,,,,,,,,,,,,,,
593,ivory satin wedding gloves,CNY,50,0%,0%,高,100,,,,,,,,,,,,,,,,,,,
594,padded fingerless work gloves,CNY,50,0%,0%,高,100,,,,,,,,,,,,,,,,,,,
595,youth fingerless gloves,CNY,50,0%,-100%,未知,,,,,,,,,,,,,,,,,,,,
596,100 cashmere fingerless gloves,CNY,50,-100%,0%,未知,,,,,,,,,,,,,,,,,,,,
597,long lace fingerless gloves,CNY,50,0%,0%,高,100,0.84,5.43,,,,,,,,,,,,,,,,,
598,jayley fingerless gloves,CNY,50,-100%,0%,未知,,,,,,,,,,,,,,,,,,,,
599,black fur fingerless gloves,CNY,50,∞,0%,高,100,,,,,,,,,,,,,,,,,,,
600,heated half finger gloves,CNY,50,0%,0%,未知,,,,,,,,,,,,,,,,,,,,
601,thermal fingerless work gloves,CNY,50,0%,0%,高,100,,,,,,,,,,,,,,,,,,,
602,mittens with fingerless gloves inside,CNY,50,0%,0%,未知,,,,,,,,,,,,,,,,,,,,
603,hand knitted fingerless gloves,CNY,50,0%,0%,高,100,,,,,,,,,,,,,,,,,,,
604,fingerless gloves wedding,CNY,50,0%,0%,高,100,1.42,8.14,,,,,,,,,,,,,,,,,
605,fingerless gloves for poor circulation,CNY,50,0%,∞,高,100,,,,,,,,,,,,,,,,,,,
606,green cashmere fingerless gloves,CNY,50,0%,-100%,未知,,,,,,,,,,,,,,,,,,,,
607,fingerless gloves and mittens,CNY,500,0%,0%,高,93,,,,,,,,,,,,,,,,,,,
608,mens extra large fingerless gloves,CNY,50,0%,-100%,未知,,,,,,,,,,,,,,,,,,,,
609,hunting mittens without fingers,CNY,50,0%,0%,未知,,,,,,,,,,,,,,,,,,,,
610,sealskinz fingerless mittens,CNY,50,0%,0%,高,100,,,,,,,,,,,,,,,,,,,
611,nordic fingerless gloves,CNY,50,-100%,0%,未知,,,,,,,,,,,,,,,,,,,,
612,cashmere fingerless,CNY,50,-100%,0%,未知,,,,,,,,,,,,,,,,,,,,
613,convertible mittens wool,CNY,50,0%,0%,高,100,,,,,,,,,,,,,,,,,,,
614,winter fingerless gloves mens,CNY,50,0%,0%,高,84,,,,,,,,,,,,,,,,,,,
615,best fingerless tactical gloves,CNY,50,∞,∞,高,100,,,,,,,,,,,,,,,,,,,
616,fingerless driving gloves mens,CNY,50,0%,0%,高,96,1.57,5.32,,,,,,,,,,,,,,,,,
617,warm gloves without fingertips,CNY,50,-100%,0%,未知,,,,,,,,,,,,,,,,,,,,
618,pearl fingerless gloves,CNY,50,-100%,-100%,未知,,,,,,,,,,,,,,,,,,,,
619,fine fingerless gloves,CNY,50,0%,∞,高,100,,,,,,,,,,,,,,,,,,,
620,women's long fingerless gloves,CNY,50,0%,0%,高,100,,,,,,,,,,,,,,,,,,,
621,nicola peltz wedding gloves,CNY,50,∞,0%,低,0,,,,,,,,,,,,,,,,,,,
622,cashmere half gloves,CNY,50,∞,∞,高,100,,,,,,,,,,,,,,,,,,,
623,driving fingerless gloves,CNY,500,0%,-90%,高,98,1.15,6.46,,,,,,,,,,,,,,,,,
624,burgundy fingerless gloves,CNY,500,0%,0%,高,100,,,,,,,,,,,,,,,,,,,
625,angora fingerless gloves,CNY,50,-100%,0%,未知,,,,,,,,,,,,,,,,,,,,
626,fingerless hand gloves,CNY,50,0%,0%,中,50,,,,,,,,,,,,,,,,,,,
627,leather fingerless mittens,CNY,500,0%,0%,高,98,1.01,6.36,,,,,,,,,,,,,,,,,
628,finger gloves with mitten top,CNY,50,0%,0%,未知,,,,,,,,,,,,,,,,,,,,
629,skims lace gloves,CNY,50,0%,0%,未知,,,,,,,,,,,,,,,,,,,,
630,bridesmaid gloves,CNY,50,0%,0%,高,100,0.78,5.09,,,,,,,,,,,,,,,,,
631,silver lace gloves,CNY,50,0%,0%,高,100,,,,,,,,,,,,,,,,,,,
632,80s lace gloves,CNY,50,0%,0%,高,100,,,,,,,,,,,,,,,,,,,
633,mens half finger gloves,CNY,50,0%,∞,高,100,,,,,,,,,,,,,,,,,,,
634,adrienne landau gloves,CNY,50,0%,0%,未知,,,,,,,,,,,,,,,,,,,,
635,colourful fingerless gloves,CNY,50,0%,0%,高,100,,,,,,,,,,,,,,,,,,,
636,teal fingerless gloves,CNY,50,0%,0%,高,67,,,,,,,,,,,,,,,,,,,
637,ugg fingerless gloves with fur,CNY,50,0%,0%,中,50,,,,,,,,,,,,,,,,,,,
638,cold weather fingerless gloves,CNY,50,0%,0%,未知,,,,,,,,,,,,,,,,,,,,
639,open finger motorcycle gloves,CNY,50,0%,0%,高,100,,,,,,,,,,,,,,,,,,,
640,best fingerless gloves for women,CNY,50,-100%,-100%,未知,,,,,,,,,,,,,,,,,,,,
641,fingerless gloves with magnetic flap,CNY,50,0%,-100%,未知,,,,,,,,,,,,,,,,,,,,
642,custom wedding gloves,CNY,50,0%,0%,高,100,,,,,,,,,,,,,,,,,,,
643,fingerless gloves sale,CNY,50,-100%,-100%,未知,,,,,,,,,,,,,,,,,,,,
644,women's open finger gloves,CNY,50,0%,0%,高,100,,,,,,,,,,,,,,,,,,,
645,half finger work gloves,CNY,50,∞,0%,高,100,,,,,,,,,,,,,,,,,,,
646,3m thinsulate fingerless gloves,CNY,50,0%,0%,高,100,,,,,,,,,,,,,,,,,,,
647,the best fingerless gloves,CNY,50,0%,0%,未知,,,,,,,,,,,,,,,,,,,,
648,upf 50 fingerless gloves,CNY,50,0%,0%,高,100,,,,,,,,,,,,,,,,,,,
649,mens large fingerless gloves,CNY,50,∞,∞,高,100,,,,,,,,,,,,,,,,,,,
650,branded fingerless gloves,CNY,50,0%,0%,高,100,,,,,,,,,,,,,,,,,,,
651,wrist warmers turtle doves,CNY,50,-100%,0%,未知,,,,,,,,,,,,,,,,,,,,
652,ladies fingerless driving gloves,CNY,50,0%,0%,高,100,,,,,,,,,,,,,,,,,,,
653,fingerless rubber gloves,CNY,50,0%,0%,高,96,,,,,,,,,,,,,,,,,,,
654,fox river ragg wool fingerless gloves,CNY,50,0%,0%,未知,,,,,,,,,,,,,,,,,,,,
655,mens fingerless gloves with grip,CNY,50,0%,0%,未知,,,,,,,,,,,,,,,,,,,,
656,fingerless gloves arm warmers,CNY,50,0%,0%,高,80,,,,,,,,,,,,,,,,,,,
657,best fingerless winter gloves,CNY,50,0%,0%,未知,,,,,,,,,,,,,,,,,,,,
658,mink fur fingerless gloves,CNY,50,0%,0%,未知,,,,,,,,,,,,,,,,,,,,
659,light blue fingerless gloves,CNY,50,0%,0%,高,100,,,,,,,,,,,,,,,,,,,
660,fingerless knit gloves womens,CNY,50,0%,0%,未知,,,,,,,,,,,,,,,,,,,,
661,mint velvet fingerless gloves,CNY,50,0%,0%,未知,,,,,,,,,,,,,,,,,,,,
662,gloves for wedding guests,CNY,50,0%,0%,中,40,1.07,2.26,,,,,,,,,,,,,,,,,
663,fingerless socks,CNY,50,0%,0%,高,100,,,,,,,,,,,,,,,,,,,
664,fingerless mens winter gloves,CNY,50,0%,0%,高,84,,,,,,,,,,,,,,,,,,,
665,orvis fingerless fleece gloves,CNY,50,-100%,0%,未知,,,,,,,,,,,,,,,,,,,,
666,cc fingerless gloves,CNY,50,0%,∞,低,0,,,,,,,,,,,,,,,,,,,
667,fingerless hunting mittens,CNY,50,0%,0%,高,100,,,,,,,,,,,,,,,,,,,
668,hand gloves with open fingers,CNY,50,0%,-100%,未知,,,,,,,,,,,,,,,,,,,,
669,best fingerless gloves for raynaud's,CNY,50,0%,∞,高,86,,,,,,,,,,,,,,,,,,,
670,fingerless gloves designer,CNY,50,0%,0%,高,100,,,,,,,,,,,,,,,,,,,
671,fingerless rhinestone gloves,CNY,50,0%,0%,高,100,,,,,,,,,,,,,,,,,,,
672,fingerless writing gloves,CNY,50,-100%,0%,未知,,,,,,,,,,,,,,,,,,,,
673,koru fingerless gloves,CNY,50,0%,0%,未知,,,,,,,,,,,,,,,,,,,,
674,wedding opera gloves,CNY,50,∞,0%,高,100,,,,,,,,,,,,,,,,,,,
675,leopard fingerless gloves,CNY,50,0%,0%,低,30,,,,,,,,,,,,,,,,,,,
676,black cotton fingerless gloves,CNY,50,0%,0%,高,100,,,,,,,,,,,,,,,,,,,
677,recycled fingerless gloves,CNY,50,0%,0%,未知,,,,,,,,,,,,,,,,,,,,
678,therapeutic fingerless gloves,CNY,50,0%,-100%,未知,,,,,,,,,,,,,,,,,,,,
679,best women's fingerless gloves,CNY,50,0%,0%,未知,,,,,,,,,,,,,,,,,,,,
680,hello kitty fingerless gloves,CNY,50,0%,0%,高,100,,,,,,,,,,,,,,,,,,,
681,fur gloves fingerless,CNY,50,0%,0%,高,100,,,,,,,,,,,,,,,,,,,
682,burgundy lace gloves,CNY,50,0%,0%,高,100,1.72,7.38,,,,,,,,,,,,,,,,,
683,fingerless sports gloves womens,CNY,50,0%,∞,高,100,,,,,,,,,,,,,,,,,,,
684,half finger driving gloves,CNY,50,0%,0%,高,100,,,,,,,,,,,,,,,,,,,
685,fingerless gloves for photographers,CNY,50,-100%,0%,未知,,,,,,,,,,,,,,,,,,,,
686,outdoor fingerless gloves,CNY,50,0%,∞,高,100,,,,,,,,,,,,,,,,,,,
687,fingerless photography gloves,CNY,50,-100%,-100%,未知,,,,,,,,,,,,,,,,,,,,
688,lace black gloves fingerless,CNY,500,0%,0%,高,98,1.15,2.49,,,,,,,,,,,,,,,,,
689,thin warm fingerless gloves,CNY,50,-100%,0%,未知,,,,,,,,,,,,,,,,,,,,
690,royal blue lace gloves,CNY,50,-100%,-100%,未知,,,,,,,,,,,,,,,,,,,,
691,bicycle riding gloves fingerless,CNY,50,-100%,-100%,未知,,,,,,,,,,,,,,,,,,,,
692,wedding long gloves,CNY,50,0%,0%,高,100,2.57,8.20,,,,,,,,,,,,,,,,,
693,large fingerless gloves,CNY,50,0%,0%,高,100,,,,,,,,,,,,,,,,,,,
694,small fingerless work gloves,CNY,50,0%,0%,高,100,,,,,,,,,,,,,,,,,,,
695,fingerless bike riding gloves,CNY,50,-100%,-100%,未知,,,,,,,,,,,,,,,,,,,,
696,fingerless ski gloves,CNY,50,0%,∞,高,100,,,,,,,,,,,,,,,,,,,
697,men's open finger gloves,CNY,50,0%,∞,高,100,,,,,,,,,,,,,,,,,,,
698,brown lace gloves,CNY,50,0%,0%,高,100,0.83,6.16,,,,,,,,,,,,,,,,,
699,lilac lace gloves,CNY,50,0%,0%,高,100,0.90,5.56,,,,,,,,,,,,,,,,,
700,women's isotoner fingerless gloves,CNY,0,0%,0%,未知,,,,,,,,,,,,,,,,,,,,
701,knit fingerless mittens,CNY,500,0%,0%,高,98,,,,,,,,,,,,,,,,,,,
702,fingerless gloves recycled cashmere,CNY,50,0%,-100%,未知,,,,,,,,,,,,,,,,,,,,
703,cloth fingerless gloves,CNY,50,0%,-100%,未知,,,,,,,,,,,,,,,,,,,,
704,irish fingerless gloves,CNY,50,-100%,-100%,未知,,,,,,,,,,,,,,,,,,,,
705,xl fingerless gloves,CNY,50,0%,0%,高,100,0.95,10.48,,,,,,,,,,,,,,,,,
706,designer fingerless gloves mens,CNY,50,0%,0%,未知,,,,,,,,,,,,,,,,,,,,
707,battery heated fingerless gloves,CNY,50,∞,0%,中,50,,,,,,,,,,,,,,,,,,,
708,mens fleece lined fingerless gloves,CNY,50,0%,0%,未知,,,,,,,,,,,,,,,,,,,,
709,pure wool fingerless gloves,CNY,50,∞,0%,高,100,,,,,,,,,,,,,,,,,,,
710,skeleton finger gloves,CNY,500,900%,0%,高,95,,,,,,,,,,,,,,,,,,,
711,rammoco fingerless gloves,CNY,,--,--,未知,,,,,,,,,,,,,,,,,,,,
712,waterproof fingerless fishing gloves,CNY,50,0%,0%,高,100,,,,,,,,,,,,,,,,,,,
713,fingerless mittens waterproof,CNY,50,0%,-100%,未知,,,,,,,,,,,,,,,,,,,,
714,bridal gloves short,CNY,50,0%,0%,高,100,1.57,12.16,,,,,,,,,,,,,,,,,
715,ladies black fingerless gloves,CNY,500,0%,0%,高,100,,,,,,,,,,,,,,,,,,,
716,winter gloves without fingers,CNY,50,∞,0%,高,86,,,,,,,,,,,,,,,,,,,
717,sheer lace gloves,CNY,50,0%,0%,高,100,,,,,,,,,,,,,,,,,,,
718,ethical fingerless gloves,CNY,50,0%,0%,未知,,,,,,,,,,,,,,,,,,,,
719,non slip fingerless gloves,CNY,50,0%,0%,高,100,,,,,,,,,,,,,,,,,,,
720,neon fingerless gloves,CNY,50,0%,0%,高,100,,,,,,,,,,,,,,,,,,,
721,womens black lace gloves,CNY,50,0%,0%,高,100,1.08,6.55,,,,,,,,,,,,,,,,,
722,real fur fingerless gloves,CNY,50,0%,0%,未知,,,,,,,,,,,,,,,,,,,,
723,fingerless mittens wool,CNY,50,0%,0%,高,100,,,,,,,,,,,,,,,,,,,
724,half finger hunting gloves,CNY,50,0%,-100%,未知,,,,,,,,,,,,,,,,,,,,
725,mens fingerless gloves with mitten flap,CNY,50,0%,0%,未知,,,,,,,,,,,,,,,,,,,,
726,graham cashmere fingerless gloves,CNY,50,-100%,-100%,未知,,,,,,,,,,,,,,,,,,,,
727,half mitten gloves,CNY,50,∞,0%,高,100,,,,,,,,,,,,,,,,,,,
728,emo fingerless gloves,CNY,50,0%,0%,高,98,,,,,,,,,,,,,,,,,,,
729,orange lace gloves,CNY,50,0%,0%,高,100,,,,,,,,,,,,,,,,,,,
730,trailheads power stretch convertible mittens,CNY,0,0%,0%,未知,,,,,,,,,,,,,,,,,,,,
731,red leather gloves fingerless,CNY,500,0%,0%,高,100,,,,,,,,,,,,,,,,,,,
732,light fingerless gloves,CNY,50,0%,0%,高,100,,,,,,,,,,,,,,,,,,,
733,glitter fingerless gloves,CNY,50,0%,0%,高,100,,,,,,,,,,,,,,,,,,,
734,light blue lace gloves,CNY,50,0%,0%,高,100,1.00,5.81,,,,,,,,,,,,,,,,,
735,fingerless gloves carhartt,CNY,50,0%,-100%,未知,,,,,,,,,,,,,,,,,,,,
736,fingerless gloves hunting,CNY,50,0%,0%,高,100,,,,,,,,,,,,,,,,,,,
737,olive green fingerless gloves,CNY,50,-100%,-100%,未知,,,,,,,,,,,,,,,,,,,,
738,wedding guest dress with gloves,CNY,50,0%,0%,高,100,1.45,5.78,,,,,,,,,,,,,,,,,
739,best warm fingerless gloves,CNY,50,-100%,0%,未知,,,,,,,,,,,,,,,,,,,,
740,good fingerless gloves,CNY,500,0%,0%,高,94,,,,,,,,,,,,,,,,,,,
741,dark green fingerless gloves,CNY,50,0%,0%,高,100,,,,,,,,,,,,,,,,,,,
742,elegant fingerless gloves,CNY,50,0%,0%,高,100,,,,,,,,,,,,,,,,,,,
743,etsy bridal gloves,CNY,50,0%,0%,高,100,,,,,,,,,,,,,,,,,,,
744,noble wilde fingerless gloves,CNY,50,0%,0%,高,100,,,,,,,,,,,,,,,,,,,
745,women's fingerless gloves for typing,CNY,50,0%,0%,未知,,,,,,,,,,,,,,,,,,,,
746,dressy fingerless gloves,CNY,50,0%,0%,未知,,,,,,,,,,,,,,,,,,,,
747,windproof fingerless gloves,CNY,50,0%,0%,高,100,,,,,,,,,,,,,,,,,,,
748,gloves for women fingerless,CNY,5000,0%,0%,高,99,1.08,4.09,,,,,,,,,,,,,,,,,
749,skin colored fingerless gloves,CNY,50,0%,0%,高,100,,,,,,,,,,,,,,,,,,,
750,fingerless waterproof fishing gloves,CNY,50,0%,0%,高,100,,,,,,,,,,,,,,,,,,,
751,fingerless leather gloves near me,CNY,50,0%,∞,高,100,,,,,,,,,,,,,,,,,,,
752,smart wool fingerless gloves,CNY,50,0%,0%,未知,,,,,,,,,,,,,,,,,,,,
753,women's fingerless leather driving gloves,CNY,50,0%,-100%,未知,,,,,,,,,,,,,,,,,,,,
754,mens fingerless gloves for typing,CNY,50,0%,0%,未知,,,,,,,,,,,,,,,,,,,,
755,ladies fingerless gloves with mitten cover,CNY,50,-100%,0%,未知,,,,,,,,,,,,,,,,,,,,
756,black half gloves,CNY,50,0%,0%,高,75,,,,,,,,,,,,,,,,,,,
757,women's fingerless gloves with mitten cover,CNY,50,-100%,0%,未知,,,,,,,,,,,,,,,,,,,,
758,white lace gloves long,CNY,50,0%,0%,高,100,,,,,,,,,,,,,,,,,,,
759,alpaca convertible mittens,CNY,50,0%,0%,未知,,,,,,,,,,,,,,,,,,,,
760,lycra fingerless gloves,CNY,50,0%,0%,高,100,,,,,,,,,,,,,,,,,,,
761,heat holders gloves fingerless,CNY,500,0%,0%,低,0,,,,,,,,,,,,,,,,,,,
762,buy fingerless gloves online,CNY,50,0%,0%,未知,,,,,,,,,,,,,,,,,,,,
763,black fingerless opera gloves,CNY,50,0%,0%,高,100,,,,,,,,,,,,,,,,,,,
764,half finger gloves with mitten flap,CNY,50,∞,0%,高,100,,,,,,,,,,,,,,,,,,,
765,plus size wedding gloves,CNY,50,∞,0%,高,100,,,,,,,,,,,,,,,,,,,
766,long fingerless mittens,CNY,500,0%,0%,高,95,0.61,6.65,,,,,,,,,,,,,,,,,
767,black gloves lace,CNY,50,0%,0%,高,100,,,,,,,,,,,,,,,,,,,
768,personalised fingerless gloves,CNY,50,-100%,-100%,未知,,,,,,,,,,,,,,,,,,,,
769,lace short gloves,CNY,50,0%,0%,高,100,1.26,9.12,,,,,,,,,,,,,,,,,
770,long fingerless gloves women,CNY,50,0%,0%,高,100,,,,,,,,,,,,,,,,,,,
771,victorian lace gloves,CNY,50,0%,0%,高,100,,,,,,,,,,,,,,,,,,,
772,fingerless mens leather gloves,CNY,500,900%,900%,高,100,0.95,6.88,,,,,,,,,,,,,,,,,
773,3m fingerless gloves,CNY,50,0%,0%,高,100,,,,,,,,,,,,,,,,,,,
774,white mesh fingerless gloves,CNY,50,-100%,-100%,未知,,,,,,,,,,,,,,,,,,,,
775,mens fingerless motorcycle gloves,CNY,50,0%,0%,高,100,,,,,,,,,,,,,,,,,,,
776,mens fingerless fishing gloves,CNY,50,-100%,-100%,未知,,,,,,,,,,,,,,,,,,,,
777,long white bridal gloves,CNY,50,0%,0%,高,100,,,,,,,,,,,,,,,,,,,
778,impact gloves fingerless,CNY,50,0%,0%,高,100,,,,,,,,,,,,,,,,,,,
779,cut off gloves fingers,CNY,50,0%,0%,未知,,,,,,,,,,,,,,,,,,,,
780,mens xl fingerless gloves,CNY,50,-100%,0%,未知,,,,,,,,,,,,,,,,,,,,
781,isotoner fingerless compression gloves,CNY,50,0%,0%,高,100,,,,,,,,,,,,,,,,,,,
782,formal gloves for wedding,CNY,0,0%,-100%,未知,,,,,,,,,,,,,,,,,,,,
783,ebay turtle dove gloves,CNY,50,0%,0%,未知,,,,,,,,,,,,,,,,,,,,
784,sprigs multi mitt fleece fingerless gloves,CNY,50,0%,0%,未知,,,,,,,,,,,,,,,,,,,,
785,fingerless gloves john lewis,CNY,500,0%,0%,低,33,,,,,,,,,,,,,,,,,,,
786,floral lace gloves,CNY,50,0%,0%,高,100,,,,,,,,,,,,,,,,,,,
787,slouchy fingerless gloves,CNY,50,∞,∞,高,100,,,,,,,,,,,,,,,,,,,
788,fingerless gloves superdry,CNY,50,0%,0%,未知,,,,,,,,,,,,,,,,,,,,
789,non wool fingerless gloves,CNY,50,0%,0%,未知,,,,,,,,,,,,,,,,,,,,
790,ladies leather fingerless gloves,CNY,50,∞,0%,高,100,,,,,,,,,,,,,,,,,,,
791,steampunk fingerless gloves,CNY,50,0%,0%,高,100,,,,,,,,,,,,,,,,,,,
792,women's gloves half finger,CNY,50,0%,0%,未知,,,,,,,,,,,,,,,,,,,,
793,fingerless gloves warehouse,CNY,50,0%,0%,未知,,,,,,,,,,,,,,,,,,,,
794,chunky fingerless gloves,CNY,50,-100%,-100%,未知,,,,,,,,,,,,,,,,,,,,
795,amazon mens fingerless gloves,CNY,50,-100%,-100%,未知,,,,,,,,,,,,,,,,,,,,
796,fingerless long gloves women's,CNY,50,0%,0%,高,100,,,,,,,,,,,,,,,,,,,
797,n peal fingerless gloves,CNY,50,0%,-100%,未知,,,,,,,,,,,,,,,,,,,,
798,fingerless nylon gloves,CNY,50,0%,0%,高,100,,,,,,,,,,,,,,,,,,,
799,thinsulate fingerless mittens,CNY,500,0%,0%,高,98,,,,,,,,,,,,,,,,,,,
800,wedding gloves with pearls,CNY,50,0%,0%,高,100,,,,,,,,,,,,,,,,,,,
801,women's convertible fingerless gloves,CNY,50,0%,0%,未知,,,,,,,,,,,,,,,,,,,,
802,long lace black gloves,CNY,50,-100%,-100%,未知,,,,,,,,,,,,,,,,,,,,
803,fleece lined flip top mittens,CNY,50,0%,0%,未知,,,,,,,,,,,,,,,,,,,,
804,super soft fingerless gloves,CNY,50,0%,0%,高,100,,,,,,,,,,,,,,,,,,,
805,madonna lace gloves,CNY,50,0%,0%,高,97,,,,,,,,,,,,,,,,,,,
806,mens thermal fingerless work gloves,CNY,50,0%,0%,未知,,,,,,,,,,,,,,,,,,,,
807,drum gloves fingerless,CNY,50,0%,0%,高,100,0.67,2.46,,,,,,,,,,,,,,,,,
808,mens leather gloves fingerless,CNY,50,0%,0%,未知,,,,,,,,,,,,,,,,,,,,
809,cotton lace gloves,CNY,50,0%,0%,高,100,,,,,,,,,,,,,,,,,,,
810,black fingerless gloves wool,CNY,50,0%,0%,高,97,,,,,,,,,,,,,,,,,,,
811,fingerless gloves knitting kit,CNY,50,0%,0%,高,100,,,,,,,,,,,,,,,,,,,
812,carolina amato fingerless gloves,CNY,50,0%,0%,未知,,,,,,,,,,,,,,,,,,,,
813,etsy wedding gloves,CNY,50,∞,0%,高,100,,,,,,,,,,,,,,,,,,,
814,heat holders fingerless gloves ladies,CNY,50,-100%,0%,未知,,,,,,,,,,,,,,,,,,,,
815,fingerless insulated gloves,CNY,50,0%,0%,高,100,,,,,,,,,,,,,,,,,,,
816,ugg chunky fingerless cuff gloves,CNY,0,0%,0%,未知,,,,,,,,,,,,,,,,,,,,
817,patterned fingerless gloves,CNY,500,0%,0%,高,95,,,,,,,,,,,,,,,,,,,
818,burberry fingerless gloves,CNY,50,0%,0%,低,0,,,,,,,,,,,,,,,,,,,
819,fingerless flip mittens,CNY,50,-100%,0%,未知,,,,,,,,,,,,,,,,,,,,
820,grey fingerless gloves womens,CNY,50,0%,0%,未知,,,,,,,,,,,,,,,,,,,,
821,wool mittens fingerless,CNY,50,0%,0%,高,100,,,,,,,,,,,,,,,,,,,
822,long arm warmers fingerless gloves,CNY,50,-100%,-100%,未知,,,,,,,,,,,,,,,,,,,,
823,long sleeve lace gloves,CNY,50,0%,0%,高,100,,,,,,,,,,,,,,,,,,,
824,embellished fingerless gloves,CNY,50,∞,∞,低,0,,,,,,,,,,,,,,,,,,,
825,christmas fingerless gloves,CNY,50,0%,0%,高,76,,,,,,,,,,,,,,,,,,,
826,lace wedding gloves fingerless,CNY,50,0%,0%,高,100,1.51,5.40,,,,,,,,,,,,,,,,,
827,buy lace gloves,CNY,50,∞,0%,高,100,,,,,,,,,,,,,,,,,,,
828,mitten flap gloves,CNY,50,0%,∞,高,100,,,,,,,,,,,,,,,,,,,
829,pink fingerless leather gloves,CNY,50,0%,0%,高,100,,,,,,,,,,,,,,,,,,,
830,ladies cashmere fingerless gloves,CNY,50,0%,-100%,未知,,,,,,,,,,,,,,,,,,,,
831,red lace fingerless gloves,CNY,50,0%,0%,高,100,,,,,,,,,,,,,,,,,,,
832,half gloves for women,CNY,50,0%,0%,高,99,,,,,,,,,,,,,,,,,,,
833,fleece half finger gloves,CNY,50,0%,∞,高,100,,,,,,,,,,,,,,,,,,,
834,fingerless gloves blue,CNY,500,0%,0%,高,100,,,,,,,,,,,,,,,,,,,
835,techwear fingerless gloves,CNY,50,0%,0%,低,0,,,,,,,,,,,,,,,,,,,
836,mens heated fingerless gloves,CNY,50,0%,-100%,未知,,,,,,,,,,,,,,,,,,,,
837,navy fingerless gloves womens,CNY,50,0%,∞,高,100,,,,,,,,,,,,,,,,,,,
838,extra warm fingerless gloves,CNY,50,0%,0%,高,100,,,,,,,,,,,,,,,,,,,
839,fingerless gloves cream,CNY,50,0%,0%,高,100,,,,,,,,,,,,,,,,,,,
840,fingerless medical gloves,CNY,50,0%,0%,高,100,,,,,,,,,,,,,,,,,,,
841,chanel fingerless leather gloves,CNY,50,∞,∞,高,100,,,,,,,,,,,,,,,,,,,
842,fingerless wrist gloves,CNY,50,0%,0%,低,25,,,,,,,,,,,,,,,,,,,
843,mens thinsulate fingerless gloves,CNY,50,0%,0%,高,100,,,,,,,,,,,,,,,,,,,
844,linda richards fingerless gloves,CNY,,--,--,未知,,,,,,,,,,,,,,,,,,,,
845,elbow length lace gloves,CNY,50,0%,0%,高,100,,,,,,,,,,,,,,,,,,,
846,sexy lace gloves,CNY,50,0%,0%,高,100,,,,,,,,,,,,,,,,,,,
847,men's knit fingerless gloves,CNY,50,0%,0%,高,100,,,,,,,,,,,,,,,,,,,
848,80s fingerless gloves,CNY,50,0%,0%,高,98,,,,,,,,,,,,,,,,,,,
849,fingerless paw gloves,CNY,50,0%,0%,高,100,,,,,,,,,,,,,,,,,,,
850,womens fleece fingerless gloves,CNY,50,-100%,-100%,未知,,,,,,,,,,,,,,,,,,,,
851,black lace elbow gloves,CNY,50,-100%,-100%,未知,,,,,,,,,,,,,,,,,,,,
852,lace up fingerless gloves,CNY,50,0%,0%,高,83,,,,,,,,,,,,,,,,,,,
853,women's half gloves,CNY,50,0%,0%,高,99,,,,,,,,,,,,,,,,,,,
854,cotton gloves without fingers,CNY,500,0%,0%,高,100,0.85,5.00,,,,,,,,,,,,,,,,,
855,polar fleece fingerless gloves,CNY,500,0%,0%,高,100,,,,,,,,,,,,,,,,,,,
856,long black lace gloves fingerless,CNY,50,0%,0%,高,80,,,,,,,,,,,,,,,,,,,
857,red and black fingerless gloves,CNY,50,0%,0%,高,100,,,,,,,,,,,,,,,,,,,
858,mens waterproof fingerless gloves,CNY,50,0%,0%,高,100,,,,,,,,,,,,,,,,,,,
859,half finger leather driving gloves,CNY,50,0%,0%,未知,,,,,,,,,,,,,,,,,,,,
860,fingerless fold over gloves,CNY,50,0%,0%,未知,,,,,,,,,,,,,,,,,,,,
861,fingerless gloves for elderly,CNY,50,∞,0%,高,100,,,,,,,,,,,,,,,,,,,
862,ugg plush fingerless gloves,CNY,50,0%,0%,未知,,,,,,,,,,,,,,,,,,,,
863,short wedding dress with gloves,CNY,50,0%,0%,高,95,,,,,,,,,,,,,,,,,,,
864,ugg sheepskin fingerless gloves,CNY,50,-100%,0%,未知,,,,,,,,,,,,,,,,,,,,
865,women's alpaca fingerless gloves,CNY,50,0%,0%,未知,,,,,,,,,,,,,,,,,,,,
866,finger cut out gloves,CNY,50,0%,0%,高,100,,,,,,,,,,,,,,,,,,,
867,celtic and co fingerless gloves,CNY,50,0%,0%,高,100,,,,,,,,,,,,,,,,,,,
868,wholesale lace gloves,CNY,50,0%,0%,高,100,,,,,,,,,,,,,,,,,,,
869,altura fingerless cycling gloves,CNY,50,0%,0%,高,88,,,,,,,,,,,,,,,,,,,
870,long arm fingerless gloves,CNY,50,0%,∞,高,100,,,,,,,,,,,,,,,,,,,
871,wool knit fingerless gloves,CNY,50,-100%,0%,未知,,,,,,,,,,,,,,,,,,,,
872,norwegian fingerless gloves,CNY,50,0%,0%,未知,,,,,,,,,,,,,,,,,,,,
873,fleece fingerless gloves mens,CNY,50,-100%,-100%,未知,,,,,,,,,,,,,,,,,,,,
874,lightweight fingerless work gloves,CNY,50,0%,0%,高,100,,,,,,,,,,,,,,,,,,,
875,fingerless gloves with leather palm,CNY,50,0%,∞,中,50,,,,,,,,,,,,,,,,,,,
876,white lace wedding gloves,CNY,50,0%,0%,高,100,,,,,,,,,,,,,,,,,,,
877,rising tide fingerless gloves,CNY,50,0%,∞,低,0,,,,,,,,,,,,,,,,,,,
878,mustard fingerless gloves,CNY,50,0%,0%,低,0,,,,,,,,,,,,,,,,,,,
879,heated fingerless gloves for women,CNY,500,0%,0%,高,100,,,,,,,,,,,,,,,,,,,
880,carhartt fingerless mittens,CNY,50,0%,0%,未知,,,,,,,,,,,,,,,,,,,,
881,dirty rigger fingerless gloves,CNY,50,0%,0%,高,100,2.20,12.64,,,,,,,,,,,,,,,,,
882,turtle fur fingerless gloves,CNY,50,0%,0%,未知,,,,,,,,,,,,,,,,,,,,
883,polyester fingerless gloves,CNY,50,-100%,-100%,未知,,,,,,,,,,,,,,,,,,,,
884,fingerless gloves driving,CNY,500,0%,-90%,高,98,1.15,6.46,,,,,,,,,,,,,,,,,
885,long white gloves wedding,CNY,50,0%,0%,高,100,,,,,,,,,,,,,,,,,,,
886,fashionable fingerless gloves,CNY,50,0%,0%,高,100,,,,,,,,,,,,,,,,,,,
887,chenille fingerless gloves,CNY,50,0%,-100%,未知,,,,,,,,,,,,,,,,,,,,
888,shearling fingerless mittens,CNY,50,0%,-100%,未知,,,,,,,,,,,,,,,,,,,,
889,irish wool fingerless gloves,CNY,50,0%,0%,未知,,,,,,,,,,,,,,,,,,,,
890,dance gloves fingerless,CNY,50,0%,0%,高,100,,,,,,,,,,,,,,,,,,,
891,fingerless gauntlet gloves,CNY,50,0%,0%,高,100,,,,,,,,,,,,,,,,,,,
892,super warm fingerless gloves,CNY,50,-100%,0%,未知,,,,,,,,,,,,,,,,,,,,
893,ladies warm fingerless gloves,CNY,50,-100%,-100%,未知,,,,,,,,,,,,,,,,,,,,
894,fingerless fluffy mittens,CNY,50,0%,0%,未知,,,,,,,,,,,,,,,,,,,,
895,filson fingerless wool gloves,CNY,50,-100%,0%,未知,,,,,,,,,,,,,,,,,,,,
896,ladies fingerless work gloves,CNY,50,0%,0%,高,100,,,,,,,,,,,,,,,,,,,
897,khaki fingerless gloves,CNY,50,-100%,0%,未知,,,,,,,,,,,,,,,,,,,,
898,fingerless gloves for cold weather,CNY,50,0%,-100%,未知,,,,,,,,,,,,,,,,,,,,
899,black and white fingerless gloves,CNY,50,0%,0%,高,100,,,,,,,,,,,,,,,,,,,
900,real leather fingerless gloves,CNY,50,0%,0%,高,100,,,,,,,,,,,,,,,,,,,
901,100 alpaca fingerless gloves,CNY,50,∞,∞,高,100,,,,,,,,,,,,,,,,,,,
902,100 cotton fingerless gloves,CNY,50,0%,0%,高,100,,,,,,,,,,,,,,,,,,,
903,100 wool fingerless gloves,CNY,50,0%,0%,高,81,,,,,,,,,,,,,,,,,,,
904,1920 lace gloves,CNY,50,0%,0%,高,100,,,,,,,,,,,,,,,,,,,
905,1920s fingerless gloves,CNY,50,0%,0%,高,100,,,,,,,,,,,,,,,,,,,
906,1950s lace gloves,CNY,50,0%,0%,高,100,,,,,,,,,,,,,,,,,,,
907,1980s lace gloves,CNY,50,0%,0%,高,100,,,,,,,,,,,,,,,,,,,
908,1protect fingerless gloves,CNY,50,-100%,0%,未知,,,,,,,,,,,,,,,,,,,,
909,2 fingerless gloves,CNY,50,0%,0%,高,100,,,,,,,,,,,,,,,,,,,
910,3 fingerless gloves,CNY,50,0%,0%,高,100,,,,,,,,,,,,,,,,,,,
911,3 fingerless work gloves,CNY,50,0%,0%,高,100,,,,,,,,,,,,,,,,,,,
912,3m thinsulate gloves fingerless,CNY,50,0%,0%,高,100,,,,,,,,,,,,,,,,,,,
913,5 finger half gloves,CNY,50,0%,0%,未知,,,,,,,,,,,,,,,,,,,,
914,5.11 fingerless gloves,CNY,50,0%,0%,高,100,,,,,,,,,,,,,,,,,,,
915,80's black lace gloves,CNY,0,0%,-100%,未知,,,,,,,,,,,,,,,,,,,,
916,80's lace fingerless gloves,CNY,50,0%,0%,高,100,,,,,,,,,,,,,,,,,,,
917,90s fingerless gloves,CNY,50,-100%,-100%,未知,,,,,,,,,,,,,,,,,,,,
918,accessories fingerless gloves,CNY,50,0%,0%,高,94,,,,,,,,,,,,,,,,,,,
919,acrylic fingerless gloves,CNY,50,-100%,0%,未知,,,,,,,,,,,,,,,,,,,,
920,alice in wonderland fingerless gloves,CNY,50,-100%,0%,未知,,,,,,,,,,,,,,,,,,,,
921,alpaca half finger gloves,CNY,50,0%,0%,未知,,,,,,,,,,,,,,,,,,,,
922,alpaca wool fingerless mittens,CNY,50,-100%,0%,未知,,,,,,,,,,,,,,,,,,,,
923,amazon black fingerless gloves,CNY,50,∞,0%,低,14,,,,,,,,,,,,,,,,,,,
924,amazon black lace gloves,CNY,50,0%,0%,高,100,,,,,,,,,,,,,,,,,,,
925,amazon cashmere fingerless gloves,CNY,50,-100%,-100%,未知,,,,,,,,,,,,,,,,,,,,
926,amazon fingerless gloves for typing,CNY,50,0%,0%,未知,,,,,,,,,,,,,,,,,,,,
927,amazon fingerless gloves mens,CNY,50,-100%,0%,未知,,,,,,,,,,,,,,,,,,,,
928,amazon fingerless leather gloves,CNY,50,0%,0%,高,100,,,,,,,,,,,,,,,,,,,
929,amazon fingerless mittens,CNY,500,-90%,0%,高,97,0.81,3.36,,,,,,,,,,,,,,,,,
930,amazon fingerless wool gloves,CNY,50,-100%,0%,未知,,,,,,,,,,,,,,,,,,,,
931,amazon gloves without fingers,CNY,50,0%,0%,未知,,,,,,,,,,,,,,,,,,,,
932,amazon heated fingerless gloves,CNY,50,0%,∞,高,100,,,,,,,,,,,,,,,,,,,
933,amazon ladies fingerless gloves,CNY,50,-100%,-100%,未知,,,,,,,,,,,,,,,,,,,,
934,amazon prime fingerless gloves,CNY,50,0%,0%,低,0,,,,,,,,,,,,,,,,,,,
935,amazon wedding gloves,CNY,50,0%,0%,高,100,,,,,,,,,,,,,,,,,,,
936,amazon women's fingerless gloves,CNY,50,-100%,-100%,未知,,,,,,,,,,,,,,,,,,,,
937,andeansun alpaca gloves,CNY,50,0%,-100%,未知,,,,,,,,,,,,,,,,,,,,
938,antique lace gloves,CNY,50,0%,0%,高,100,,,,,,,,,,,,,,,,,,,
939,arm fingerless gloves,CNY,50,0%,0%,高,100,,,,,,,,,,,,,,,,,,,
940,arm length fingerless gloves,CNY,50,0%,0%,高,100,,,,,,,,,,,,,,,,,,,
941,arm sleeve fingerless gloves,CNY,50,∞,∞,高,100,,,,,,,,,,,,,,,,,,,
942,arm warmers fingerless,CNY,50,0%,0%,高,97,,,,,,,,,,,,,,,,,,,
943,arm warmers lace,CNY,50,0%,0%,高,94,,,,,,,,,,,,,,,,,,,
944,armoured fingerless gloves,CNY,50,0%,0%,中,50,,,,,,,,,,,,,,,,,,,
945,army green fingerless gloves,CNY,50,-100%,-100%,未知,,,,,,,,,,,,,,,,,,,,
946,athletic fingerless gloves,CNY,50,0%,∞,高,100,,,,,,,,,,,,,,,,,,,
947,b&m fingerless gloves,CNY,50,-100%,-100%,未知,,,,,,,,,,,,,,,,,,,,
948,ball gown wedding dress with gloves,CNY,50,0%,0%,低,0,,,,,,,,,,,,,,,,,,,
949,barbour fingerless,CNY,50,0%,0%,未知,,,,,,,,,,,,,,,,,,,,
950,barbour fingerless gloves amazon,CNY,50,0%,-100%,未知,,,,,,,,,,,,,,,,,,,,
951,barbour fingerless gloves womens,CNY,50,∞,0%,高,100,,,,,,,,,,,,,,,,,,,
952,barbour fingerless wool gloves,CNY,50,∞,∞,低,0,,,,,,,,,,,,,,,,,,,
953,battery operated heated fingerless gloves,CNY,50,0%,0%,未知,,,,,,,,,,,,,,,,,,,,
954,battery powered fingerless gloves,CNY,50,∞,∞,高,100,,,,,,,,,,,,,,,,,,,
955,beaded fingerless gloves,CNY,50,-100%,-100%,未知,,,,,,,,,,,,,,,,,,,,
956,beaded wedding gloves,CNY,50,-100%,-100%,未知,,,,,,,,,,,,,,,,,,,,
957,beautiful fingerless gloves,CNY,50,-100%,-100%,未知,,,,,,,,,,,,,,,,,,,,
958,best and less fingerless gloves,CNY,50,0%,0%,未知,,,,,,,,,,,,,,,,,,,,
959,best bridal gloves,CNY,50,-100%,-100%,未知,,,,,,,,,,,,,,,,,,,,
960,best fingerless gloves for office,CNY,50,0%,0%,未知,,,,,,,,,,,,,,,,,,,,
961,best fingerless heated gloves,CNY,50,0%,-100%,未知,,,,,,,,,,,,,,,,,,,,
962,best fingerless hiking gloves,CNY,50,0%,0%,未知,,,,,,,,,,,,,,,,,,,,
963,best fingerless leather gloves,CNY,50,∞,∞,高,100,,,,,,,,,,,,,,,,,,,
964,best fingerless mitten gloves,CNY,50,0%,0%,未知,,,,,,,,,,,,,,,,,,,,
965,best half finger gloves,CNY,50,∞,∞,低,0,,,,,,,,,,,,,,,,,,,
966,best half finger motorcycle gloves,CNY,50,∞,∞,高,100,,,,,,,,,,,,,,,,,,,
967,best half gloves,CNY,50,0%,0%,未知,,,,,,,,,,,,,,,,,,,,
968,best tactical fingerless gloves,CNY,50,-100%,-100%,未知,,,,,,,,,,,,,,,,,,,,
969,best usb heated fingerless gloves,CNY,50,∞,0%,高,100,,,,,,,,,,,,,,,,,,,
970,best wedding gloves,CNY,50,0%,0%,未知,,,,,,,,,,,,,,,,,,,,
971,best winter fingerless gloves,CNY,50,0%,0%,未知,,,,,,,,,,,,,,,,,,,,
972,bicycle fingerless gloves,CNY,50,0%,0%,高,100,0.77,5.47,,,,,,,,,,,,,,,,,
973,bike half gloves,CNY,50,0%,0%,高,100,,,,,,,,,,,,,,,,,,,
974,biker half gloves,CNY,50,-100%,0%,未知,,,,,,,,,,,,,,,,,,,,
975,bisley thinsulate fingerless gloves,CNY,50,0%,0%,未知,,,,,,,,,,,,,,,,,,,,
976,bison fingerless gloves,CNY,50,0%,0%,未知,,,,,,,,,,,,,,,,,,,,
977,black and gold fingerless gloves,CNY,50,0%,0%,低,0,,,,,,,,,,,,,,,,,,,
978,black and green fingerless gloves,CNY,50,0%,0%,高,100,,,,,,,,,,,,,,,,,,,
979,black and grey fingerless gloves,CNY,50,-100%,-100%,未知,,,,,,,,,,,,,,,,,,,,
980,black and red fingerless gloves,CNY,50,0%,0%,高,100,,,,,,,,,,,,,,,,,,,
981,black and red lace gloves,CNY,50,∞,0%,高,100,,,,,,,,,,,,,,,,,,,
982,black and white lace gloves,CNY,50,0%,0%,高,100,,,,,,,,,,,,,,,,,,,
983,black and white striped fingerless gloves,CNY,50,0%,0%,高,79,,,,,,,,,,,,,,,,,,,
984,black cat fingerless gloves,CNY,50,∞,0%,高,100,,,,,,,,,,,,,,,,,,,
985,black cut off gloves,CNY,50,-100%,0%,未知,,,,,,,,,,,,,,,,,,,,
986,black elbow length fingerless gloves,CNY,50,-100%,0%,未知,,,,,,,,,,,,,,,,,,,,
987,black finger less gloves,CNY,500,0%,0%,高,97,1.13,6.53,,,,,,,,,,,,,,,,,
988,black fingerless,CNY,50,0%,0%,低,0,,,,,,,,,,,,,,,,,,,
989,black fingerless arm warmers,CNY,50,0%,0%,高,100,,,,,,,,,,,,,,,,,,,
990,black fingerless gloves lace,CNY,500,0%,0%,高,98,1.15,2.49,,,,,,,,,,,,,,,,,
991,black fingerless gloves mens,CNY,50,0%,0%,高,100,,,,,,,,,,,,,,,,,,,
992,black fingerless gloves near me,CNY,50,0%,∞,中,50,,,,,,,,,,,,,,,,,,,
993,black fingerless long gloves,CNY,50,0%,0%,高,100,,,,,,,,,,,,,,,,,,,
994,black fingerless mesh gloves,CNY,50,0%,0%,高,100,,,,,,,,,,,,,,,,,,,
995,black fishnet fingerless gloves,CNY,50,0%,0%,高,100,,,,,,,,,,,,,,,,,,,
996,black flower gloves lace,CNY,,--,--,未知,,,,,,,,,,,,,,,,,,,,
997,black gloves for wedding,CNY,50,0%,0%,高,100,,,,,,,,,,,,,,,,,,,
998,black gloves half finger,CNY,50,0%,0%,高,100,,,,,,,,,,,,,,,,,,,
999,black gloves wedding,CNY,50,0%,0%,高,100,,,,,,,,,,,,,,,,,,,
1000,black gloves without fingers,CNY,500,0%,0%,高,97,1.13,6.53,,,,,,,,,,,,,,,,,
1001,black half finger gloves,CNY,50,0%,0%,高,100,,,,,,,,,,,,,,,,,,,
1002,black knit fingerless gloves,CNY,50,0%,∞,高,100,,,,,,,,,,,,,,,,,,,
1003,black lace arm warmers,CNY,50,0%,0%,高,67,,,,,,,,,,,,,,,,,,,
1004,black lace elbow length gloves,CNY,50,0%,0%,高,100,,,,,,,,,,,,,,,,,,,
1005,black lace evening gloves,CNY,50,0%,0%,高,100,,,,,,,,,,,,,,,,,,,
1006,black lace funeral gloves,CNY,50,-100%,0%,未知,,,,,,,,,,,,,,,,,,,,
1007,black lace gucci gloves,CNY,50,0%,-100%,未知,,,,,,,,,,,,,,,,,,,,
1008,black lace halloween gloves,CNY,50,∞,0%,高,100,,,,,,,,,,,,,,,,,,,
1009,black lace hand gloves,CNY,50,0%,∞,高,100,,,,,,,,,,,,,,,,,,,
1010,black lace short gloves,CNY,50,0%,0%,高,100,1.22,6.63,,,,,,,,,,,,,,,,,
1011,black lace wedding gloves,CNY,50,0%,0%,高,100,,,,,,,,,,,,,,,,,,,
1012,black leather fingerless driving gloves,CNY,50,0%,0%,高,100,,,,,,,,,,,,,,,,,,,
1013,black leather fingerless gloves for women,CNY,50,0%,0%,高,90,,,,,,,,,,,,,,,,,,,
1014,black leather fingerless gloves mens,CNY,50,0%,0%,高,100,,,,,,,,,,,,,,,,,,,
1015,black leather half gloves,CNY,50,0%,0%,未知,,,,,,,,,,,,,,,,,,,,
1016,black long arm gloves,CNY,50,-100%,-100%,未知,,,,,,,,,,,,,,,,,,,,
1017,black long gloves fingerless,CNY,50,0%,0%,高,100,,,,,,,,,,,,,,,,,,,
1018,black mesh gloves fingerless,CNY,50,0%,0%,高,100,,,,,,,,,,,,,,,,,,,
1019,black sequin fingerless gloves,CNY,50,-100%,-100%,未知,,,,,,,,,,,,,,,,,,,,
1020,black short lace gloves,CNY,50,0%,0%,高,100,1.22,6.63,,,,,,,,,,,,,,,,,
1021,black sparkly fingerless gloves,CNY,50,0%,-100%,未知,,,,,,,,,,,,,,,,,,,,
1022,black thermal fingerless gloves,CNY,50,0%,-100%,未知,,,,,,,,,,,,,,,,,,,,
1023,black velvet fingerless gloves,CNY,50,0%,0%,高,100,,,,,,,,,,,,,,,,,,,
1024,black yak fingerless gloves,CNY,50,0%,0%,高,100,,,,,,,,,,,,,,,,,,,
1025,bling fingerless gloves,CNY,50,0%,0%,未知,,,,,,,,,,,,,,,,,,,,
1026,blue and black fingerless gloves,CNY,50,0%,0%,高,100,,,,,,,,,,,,,,,,,,,
1027,blue fingerless leather gloves,CNY,50,0%,0%,高,100,,,,,,,,,,,,,,,,,,,
1028,blue lace fingerless gloves,CNY,50,0%,∞,中,50,,,,,,,,,,,,,,,,,,,
1029,blue striped fingerless gloves,CNY,50,0%,0%,高,100,,,,,,,,,,,,,,,,,,,
1030,blue wedding gloves,CNY,50,0%,-100%,未知,,,,,,,,,,,,,,,,,,,,
1031,bodvera thermal insulated fingerless texting wool gloves with flap cover,CNY,0,0%,0%,未知,,,,,,,,,,,,,,,,,,,,
1032,boiled wool fingerless gloves,CNY,50,0%,-100%,未知,,,,,,,,,,,,,,,,,,,,
1033,bone fingerless gloves,CNY,50,0%,∞,低,0,,,,,,,,,,,,,,,,,,,
1034,boxing lace and loop,CNY,50,0%,-100%,未知,,,,,,,,,,,,,,,,,,,,
1035,brandy melville fingerless gloves,CNY,50,-100%,-100%,未知,,,,,,,,,,,,,,,,,,,,
1036,bridal accessories gloves,CNY,50,0%,∞,高,100,,,,,,,,,,,,,,,,,,,
1037,bridal gauntlet,CNY,50,0%,0%,低,15,,,,,,,,,,,,,,,,,,,
1038,bridal gloves amazon,CNY,50,∞,0%,高,71,,,,,,,,,,,,,,,,,,,
1039,bridal gloves black,CNY,50,∞,0%,高,100,,,,,,,,,,,,,,,,,,,
1040,bridal gloves etsy,CNY,50,0%,0%,高,100,,,,,,,,,,,,,,,,,,,
1041,bridal gloves lace,CNY,500,0%,0%,高,99,1.85,7.43,,,,,,,,,,,,,,,,,
1042,bridal gloves online,CNY,0,0%,0%,未知,,,,,,,,,,,,,,,,,,,,
1043,bridal hand gloves,CNY,50,0%,0%,高,100,,,,,,,,,,,,,,,,,,,
1044,bridal mittens,CNY,50,-100%,-100%,未知,,,,,,,,,,,,,,,,,,,,
1045,bridal wrist gloves,CNY,50,0%,-100%,未知,,,,,,,,,,,,,,,,,,,,
1046,bride dress with gloves,CNY,50,0%,0%,低,20,,,,,,,,,,,,,,,,,,,
1047,bridesmaids with gloves,CNY,50,0%,0%,高,100,0.78,5.09,,,,,,,,,,,,,,,,,
1048,brown fingerless motorcycle gloves,CNY,50,-100%,0%,未知,,,,,,,,,,,,,,,,,,,,
1049,brown leather fingerless motorcycle gloves,CNY,50,∞,∞,高,100,,,,,,,,,,,,,,,,,,,
1050,brown leather gloves fingerless,CNY,50,0%,0%,高,100,,,,,,,,,,,,,,,,,,,
1051,bts fingerless gloves,CNY,50,0%,∞,中,50,,,,,,,,,,,,,,,,,,,
1052,butterfly fingerless gloves,CNY,50,∞,∞,高,100,,,,,,,,,,,,,,,,,,,
1053,buy fingerless gloves near me,CNY,50,∞,∞,高,100,,,,,,,,,,,,,,,,,,,
1054,cable fingerless gloves,CNY,50,∞,0%,中,43,,,,,,,,,,,,,,,,,,,
1055,calvin klein fingerless gloves,CNY,50,0%,0%,未知,,,,,,,,,,,,,,,,,,,,
1056,camel fingerless gloves,CNY,50,0%,0%,未知,,,,,,,,,,,,,,,,,,,,
1057,camouflage fingerless gloves,CNY,50,0%,0%,高,100,,,,,,,,,,,,,,,,,,,
1058,capped fingerless gloves,CNY,50,0%,0%,未知,,,,,,,,,,,,,,,,,,,,
1059,carhartt gloves fingerless,CNY,50,0%,0%,未知,,,,,,,,,,,,,,,,,,,,
1060,carhartt wip fingerless gloves,CNY,50,0%,0%,未知,,,,,,,,,,,,,,,,,,,,
1061,cashmere fingerless gloves wrist warmers,CNY,50,0%,0%,未知,,,,,,,,,,,,,,,,,,,,
1062,cashmere fingerless wrist warmers,CNY,50,∞,0%,高,100,,,,,,,,,,,,,,,,,,,
1063,cat fingerless mittens,CNY,50,0%,0%,未知,,,,,,,,,,,,,,,,,,,,
1064,cat gloves fingerless,CNY,50,0%,0%,高,100,,,,,,,,,,,,,,,,,,,
1065,cat print fingerless gloves,CNY,50,0%,0%,未知,,,,,,,,,,,,,,,,,,,,
1066,ccp fingerless gloves,CNY,50,∞,0%,低,0,,,,,,,,,,,,,,,,,,,
1067,celtic fingerless gloves,CNY,50,-100%,0%,未知,,,,,,,,,,,,,,,,,,,,
1068,chainmail fingerless gloves,CNY,50,0%,0%,低,27,,,,,,,,,,,,,,,,,,,
1069,champagne bridal gloves,CNY,50,∞,0%,高,100,,,,,,,,,,,,,,,,,,,
1070,champagne lace gloves,CNY,50,0%,0%,高,100,,,,,,,,,,,,,,,,,,,
1071,champagne wedding gloves,CNY,50,0%,0%,高,100,,,,,,,,,,,,,,,,,,,
1072,champion fingerless gloves,CNY,50,-100%,0%,未知,,,,,,,,,,,,,,,,,,,,
1073,chanel black leather fingerless gloves,CNY,50,0%,0%,未知,,,,,,,,,,,,,,,,,,,,
1074,chanel fingerless gloves with fur,CNY,50,-100%,0%,未知,,,,,,,,,,,,,,,,,,,,
1075,chanel half gloves,CNY,50,0%,0%,低,0,,,,,,,,,,,,,,,,,,,
1076,chanel leather fingerless gloves,CNY,50,∞,∞,高,100,,,,,,,,,,,,,,,,,,,
1077,cheap lace gloves,CNY,50,0%,0%,高,100,,,,,,,,,,,,,,,,,,,
1078,checkered fingerless gloves,CNY,50,0%,∞,高,100,,,,,,,,,,,,,,,,,,,
1079,cheetah fingerless gloves,CNY,50,0%,-100%,未知,,,,,,,,,,,,,,,,,,,,
1080,childrens black lace gloves,CNY,50,-100%,-100%,未知,,,,,,,,,,,,,,,,,,,,
1081,childrens white lace gloves,CNY,50,0%,0%,高,100,,,,,,,,,,,,,,,,,,,
1082,christian bridal gloves,CNY,50,∞,∞,低,0,,,,,,,,,,,,,,,,,,,
1083,christian wedding gloves,CNY,50,-100%,0%,未知,,,,,,,,,,,,,,,,,,,,
1084,christian wedding hand gloves,CNY,50,0%,0%,未知,,,,,,,,,,,,,,,,,,,,
1085,chunky knit fingerless gloves,CNY,50,0%,∞,高,100,,,,,,,,,,,,,,,,,,,
1086,claire's accessories fingerless lace gloves,CNY,50,-100%,0%,未知,,,,,,,,,,,,,,,,,,,,
1087,claire's fingerless gloves,CNY,50,0%,0%,高,100,,,,,,,,,,,,,,,,,,,
1088,claire's lace gloves,CNY,50,-100%,-100%,未知,,,,,,,,,,,,,,,,,,,,
1089,colorful fingerless gloves,CNY,50,0%,0%,高,100,,,,,,,,,,,,,,,,,,,
1090,communion lace gloves,CNY,50,0%,0%,低,0,,,,,,,,,,,,,,,,,,,
1091,convertible mittens reddit,CNY,50,0%,0%,未知,,,,,,,,,,,,,,,,,,,,
1092,copper hands fingerless compression gloves,CNY,0,0%,0%,未知,,,,,,,,,,,,,,,,,,,,
1093,cornelia james lace gloves,CNY,50,0%,0%,高,100,,,,,,,,,,,,,,,,,,,
1094,cos fingerless gloves,CNY,50,0%,∞,低,0,,,,,,,,,,,,,,,,,,,
1095,cosplay fingerless gloves,CNY,50,0%,∞,高,100,,,,,,,,,,,,,,,,,,,
1096,cotton half finger gloves,CNY,50,0%,∞,高,100,,,,,,,,,,,,,,,,,,,
1097,cotton on fingerless gloves,CNY,0,0%,0%,未知,,,,,,,,,,,,,,,,,,,,
1098,cozy fingerless gloves,CNY,50,0%,-100%,未知,,,,,,,,,,,,,,,,,,,,
1099,cream fingerless mittens,CNY,50,0%,0%,高,100,,,,,,,,,,,,,,,,,,,
1100,cream lace fingerless gloves,CNY,50,0%,0%,高,100,,,,,,,,,,,,,,,,,,,
1101,cream wedding gloves,CNY,50,0%,0%,高,100,,,,,,,,,,,,,,,,,,,
1102,crochet lace arm warmers,CNY,50,0%,-100%,未知,,,,,,,,,,,,,,,,,,,,
1103,crochet lace fingerless gloves,CNY,50,0%,0%,高,89,,,,,,,,,,,,,,,,,,,
1104,crochet lace gloves,CNY,50,0%,0%,高,93,,,,,,,,,,,,,,,,,,,
1105,crochet lace gloves with fingers,CNY,0,0%,0%,未知,,,,,,,,,,,,,,,,,,,,
1106,crystal fingerless gloves,CNY,50,0%,-100%,未知,,,,,,,,,,,,,,,,,,,,
1107,cut off gloves mittens,CNY,0,0%,0%,未知,,,,,,,,,,,,,,,,,,,,
1108,cut out finger gloves,CNY,50,0%,0%,高,100,,,,,,,,,,,,,,,,,,,
1109,cute fingerless mittens,CNY,50,0%,0%,未知,,,,,,,,,,,,,,,,,,,,
1110,cyberpunk fingerless gloves,CNY,50,0%,0%,中,46,,,,,,,,,,,,,,,,,,,
1111,dark blue fingerless gloves,CNY,50,0%,0%,高,75,,,,,,,,,,,,,,,,,,,
1112,dark brown fingerless gloves,CNY,50,0%,0%,高,100,,,,,,,,,,,,,,,,,,,
1113,dark grey fingerless gloves,CNY,50,0%,0%,高,100,,,,,,,,,,,,,,,,,,,
1114,dark red fingerless gloves,CNY,50,0%,0%,中,43,,,,,,,,,,,,,,,,,,,
1115,david jones fingerless gloves,CNY,50,0%,0%,未知,,,,,,,,,,,,,,,,,,,,
1116,decorative fingerless gloves,CNY,50,-100%,0%,未知,,,,,,,,,,,,,,,,,,,,
1117,denim fingerless gloves,CNY,50,0%,0%,高,98,,,,,,,,,,,,,,,,,,,
1118,dents lace gloves,CNY,50,0%,0%,高,100,,,,,,,,,,,,,,,,,,,
1119,designer bridal gloves,CNY,50,0%,0%,未知,,,,,,,,,,,,,,,,,,,,
1120,designer leather fingerless gloves,CNY,50,0%,-100%,未知,,,,,,,,,,,,,,,,,,,,
1121,designer wedding gloves,CNY,50,0%,-100%,未知,,,,,,,,,,,,,,,,,,,,
1122,dewalt fingerless work gloves,CNY,50,0%,0%,高,100,,,,,,,,,,,,,,,,,,,
1123,dewalt gloves fingerless,CNY,500,0%,0%,高,100,1.63,14.98,,,,,,,,,,,,,,,,,
1124,diamante fingerless gloves,CNY,50,0%,∞,高,100,,,,,,,,,,,,,,,,,,,
1125,distressed fingerless gloves,CNY,50,0%,0%,高,100,,,,,,,,,,,,,,,,,,,
1126,diy lace gloves,CNY,50,∞,∞,低,0,,,,,,,,,,,,,,,,,,,
1127,dkny fingerless gloves,CNY,50,∞,0%,高,100,,,,,,,,,,,,,,,,,,,
1128,dragon scale arm warmers,CNY,50,∞,0%,高,100,,,,,,,,,,,,,,,,,,,
1129,dragon scale mittens,CNY,50,0%,0%,高,69,,,,,,,,,,,,,,,,,,,
1130,dream fingerless gloves,CNY,50,-100%,0%,未知,,,,,,,,,,,,,,,,,,,,
1131,driving gloves without fingers,CNY,500,0%,-90%,高,98,1.15,6.46,,,,,,,,,,,,,,,,,
1132,ebay lace gloves,CNY,50,0%,0%,高,100,,,,,,,,,,,,,,,,,,,
1133,ebay wedding gloves,CNY,50,0%,∞,高,100,,,,,,,,,,,,,,,,,,,
1134,edgy fingerless gloves,CNY,50,0%,0%,低,25,,,,,,,,,,,,,,,,,,,
1135,edz fingerless gloves,CNY,50,0%,0%,高,100,,,,,,,,,,,,,,,,,,,
1136,elbow fingerless gloves,CNY,50,0%,0%,中,60,,,,,,,,,,,,,,,,,,,
1137,elbow lace gloves,CNY,50,0%,0%,高,100,,,,,,,,,,,,,,,,,,,
1138,elbow length black lace gloves,CNY,50,0%,0%,高,100,,,,,,,,,,,,,,,,,,,
1139,elbow length bridal gloves,CNY,50,0%,∞,高,67,,,,,,,,,,,,,,,,,,,
1140,elbow length wedding gloves,CNY,50,∞,0%,高,100,,,,,,,,,,,,,,,,,,,
1141,electric heated fingerless gloves,CNY,50,0%,∞,高,100,,,,,,,,,,,,,,,,,,,
1142,elegant lace gloves,CNY,50,0%,0%,高,100,,,,,,,,,,,,,,,,,,,
1143,elegant wedding gloves,CNY,50,-100%,0%,未知,,,,,,,,,,,,,,,,,,,,
1144,embroidered bridal gloves,CNY,50,0%,0%,高,100,,,,,,,,,,,,,,,,,,,
1145,embroidered wedding gloves,CNY,50,0%,0%,高,100,,,,,,,,,,,,,,,,,,,
1146,emerald green lace gloves,CNY,50,-100%,-100%,未知,,,,,,,,,,,,,,,,,,,,
1147,emily in paris fingerless gloves,CNY,50,0%,0%,未知,,,,,,,,,,,,,,,,,,,,
1148,emo fingerless gloves for guys,CNY,50,∞,0%,高,100,,,,,,,,,,,,,,,,,,,
1149,emo striped gloves,CNY,50,∞,∞,高,76,,,,,,,,,,,,,,,,,,,
1150,eribe fingerless gloves,CNY,50,0%,0%,高,100,,,,,,,,,,,,,,,,,,,
1151,etsy fingerless mittens,CNY,50,0%,0%,高,100,,,,,,,,,,,,,,,,,,,
1152,etsy gloves fingerless,CNY,50,0%,-100%,未知,,,,,,,,,,,,,,,,,,,,
1153,etsy lace gloves,CNY,50,0%,0%,高,100,,,,,,,,,,,,,,,,,,,
1154,everyday fingerless gloves,CNY,50,0%,0%,高,100,,,,,,,,,,,,,,,,,,,
1155,extra long fingerless gloves,CNY,50,0%,0%,低,0,,,,,,,,,,,,,,,,,,,
1156,extremities fingerless gloves,CNY,50,-100%,-100%,未知,,,,,,,,,,,,,,,,,,,,
1157,fabric fingerless gloves,CNY,50,0%,∞,高,100,,,,,,,,,,,,,,,,,,,
1158,fairisle fingerless mittens,CNY,500,0%,0%,高,81,,,,,,,,,,,,,,,,,,,
1159,fancy lace gloves,CNY,50,0%,-100%,未知,,,,,,,,,,,,,,,,,,,,
1160,fashion lace gloves,CNY,50,0%,0%,高,100,,,,,,,,,,,,,,,,,,,
1161,felt fingerless gloves,CNY,50,0%,∞,低,0,,,,,,,,,,,,,,,,,,,
1162,felted wool fingerless gloves,CNY,50,-100%,0%,未知,,,,,,,,,,,,,,,,,,,,
1163,feminist fingerless gloves,CNY,50,0%,0%,中,57,,,,,,,,,,,,,,,,,,,
1164,fine knit fingerless gloves,CNY,50,-100%,-100%,未知,,,,,,,,,,,,,,,,,,,,
1165,finger cut off gloves,CNY,50,-100%,0%,未知,,,,,,,,,,,,,,,,,,,,
1166,finger gloves for women,CNY,50,∞,∞,高,100,,,,,,,,,,,,,,,,,,,
1167,finger less,CNY,50,0%,0%,中,50,,,,,,,,,,,,,,,,,,,
1168,finger less mittens,CNY,5000,0%,0%,高,98,1.33,18.16,,,,,,,,,,,,,,,,,
1169,finger tip cut off gloves,CNY,50,0%,0%,未知,,,,,,,,,,,,,,,,,,,,
1170,fingerless and thumbless gloves,CNY,50,-100%,-100%,未知,,,,,,,,,,,,,,,,,,,,
1171,fingerless arm sleeves gloves,CNY,50,0%,0%,未知,,,,,,,,,,,,,,,,,,,,
1172,fingerless armored gloves,CNY,50,-100%,-100%,未知,,,,,,,,,,,,,,,,,,,,
1173,fingerless bandage gloves,CNY,50,0%,0%,高,83,,,,,,,,,,,,,,,,,,,
1174,fingerless black gloves leather,CNY,500,-90%,-90%,高,97,0.88,3.58,,,,,,,,,,,,,,,,,
1175,fingerless black gloves long,CNY,50,0%,0%,高,100,,,,,,,,,,,,,,,,,,,
1176,fingerless blue gloves,CNY,500,0%,0%,高,100,,,,,,,,,,,,,,,,,,,
1177,fingerless christmas gloves,CNY,50,0%,0%,高,76,,,,,,,,,,,,,,,,,,,
1178,fingerless circulation gloves,CNY,50,-100%,0%,未知,,,,,,,,,,,,,,,,,,,,
1179,fingerless cotton glove liners,CNY,50,0%,-100%,未知,,,,,,,,,,,,,,,,,,,,
1180,fingerless craft gloves,CNY,50,0%,0%,未知,,,,,,,,,,,,,,,,,,,,
1181,fingerless denim gloves,CNY,50,0%,0%,中,33,,,,,,,,,,,,,,,,,,,
1182,fingerless electric gloves,CNY,50,0%,∞,高,100,,,,,,,,,,,,,,,,,,,
1183,fingerless electricians gloves,CNY,50,0%,0%,高,100,,,,,,,,,,,,,,,,,,,
1184,fingerless embroidered gloves,CNY,50,∞,∞,高,100,,,,,,,,,,,,,,,,,,,
1185,fingerless emo gloves,CNY,50,0%,0%,高,98,,,,,,,,,,,,,,,,,,,
1186,fingerless fairisle gloves,CNY,50,-100%,0%,未知,,,,,,,,,,,,,,,,,,,,
1187,fingerless fleece lined gloves,CNY,50,0%,0%,高,100,,,,,,,,,,,,,,,,,,,
1188,fingerless fleece mittens,CNY,50,0%,0%,未知,,,,,,,,,,,,,,,,,,,,
1189,fingerless fluffy gloves,CNY,50,0%,0%,高,100,,,,,,,,,,,,,,,,,,,
1190,fingerless formal gloves,CNY,50,0%,0%,高,100,,,,,,,,,,,,,,,,,,,
1191,fingerless fox gloves,CNY,50,0%,0%,高,100,,,,,,,,,,,,,,,,,,,
1192,fingerless fur gloves womens,CNY,50,∞,0%,高,100,,,,,,,,,,,,,,,,,,,
1193,fingerless fur trimmed gloves,CNY,50,-100%,-100%,未知,,,,,,,,,,,,,,,,,,,,
1194,fingerless gel gloves,CNY,50,0%,0%,高,100,,,,,,,,,,,,,,,,,,,
1195,fingerless gloves and wrist warmers,CNY,50,0%,-100%,未知,,,,,,,,,,,,,,,,,,,,
1196,fingerless gloves au,CNY,50,-100%,0%,未知,,,,,,,,,,,,,,,,,,,,
1197,fingerless gloves barbour,CNY,500,0%,0%,中,41,,,,,,,,,,,,,,,,,,,
1198,fingerless gloves beige,CNY,50,0%,0%,高,87,,,,,,,,,,,,,,,,,,,
1199,fingerless gloves best,CNY,500,0%,0%,高,94,,,,,,,,,,,,,,,,,,,
1200,fingerless gloves best and less,CNY,50,0%,0%,未知,,,,,,,,,,,,,,,,,,,,
1201,fingerless gloves biker,CNY,500,0%,0%,高,100,0.95,3.60,,,,,,,,,,,,,,,,,
1202,fingerless gloves black and white,CNY,50,0%,0%,高,86,,,,,,,,,,,,,,,,,,,
1203,fingerless gloves brandy melville,CNY,50,0%,0%,未知,,,,,,,,,,,,,,,,,,,,
1204,fingerless gloves chanel,CNY,50,0%,0%,高,100,,,,,,,,,,,,,,,,,,,
1205,fingerless gloves cool,CNY,50,0%,0%,高,91,,,,,,,,,,,,,,,,,,,
1206,fingerless gloves cotton on,CNY,0,0%,0%,未知,,,,,,,,,,,,,,,,,,,,
1207,fingerless gloves cute,CNY,50,0%,0%,高,100,,,,,,,,,,,,,,,,,,,
1208,fingerless gloves david jones,CNY,0,0%,0%,未知,,,,,,,,,,,,,,,,,,,,
1209,fingerless gloves emily in paris,CNY,0,0%,0%,未知,,,,,,,,,,,,,,,,,,,,
1210,fingerless gloves emo,CNY,50,0%,0%,高,98,,,,,,,,,,,,,,,,,,,
1211,fingerless gloves fishnet,CNY,50,0%,0%,高,100,,,,,,,,,,,,,,,,,,,
1212,fingerless gloves flip mitten,CNY,50,0%,0%,未知,,,,,,,,,,,,,,,,,,,,
1213,fingerless gloves fluffy,CNY,500,0%,0%,高,100,,,,,,,,,,,,,,,,,,,
1214,fingerless gloves for chilblains,CNY,50,∞,∞,高,100,,,,,,,,,,,,,,,,,,,
1215,fingerless gloves for indoors,CNY,50,-100%,-100%,未知,,,,,,,,,,,,,,,,,,,,
1216,fingerless gloves for motorcycle,CNY,50,∞,∞,高,100,,,,,,,,,,,,,,,,,,,
1217,fingerless gloves for office,CNY,50,0%,0%,低,0,,,,,,,,,,,,,,,,,,,
1218,fingerless gloves for sports,CNY,50,0%,0%,高,100,0.96,5.51,,,,,,,,,,,,,,,,,
1219,fingerless gloves for typing reddit,CNY,50,0%,0%,未知,,,,,,,,,,,,,,,,,,,,
1220,fingerless gloves for warmth,CNY,50,0%,0%,未知,,,,,,,,,,,,,,,,,,,,
1221,fingerless gloves for writing,CNY,50,-100%,-100%,未知,,,,,,,,,,,,,,,,,,,,
1222,fingerless gloves from socks,CNY,50,0%,0%,低,0,,,,,,,,,,,,,,,,,,,
1223,fingerless gloves handmade,CNY,50,0%,0%,高,100,,,,,,,,,,,,,,,,,,,
1224,fingerless gloves heart,CNY,50,0%,0%,高,100,,,,,,,,,,,,,,,,,,,
1225,fingerless gloves heat holders,CNY,500,0%,0%,低,0,,,,,,,,,,,,,,,,,,,
1226,fingerless gloves indoor,CNY,50,-100%,-100%,未知,,,,,,,,,,,,,,,,,,,,
1227,fingerless gloves karl lagerfeld,CNY,50,∞,0%,高,100,,,,,,,,,,,,,,,,,,,
1228,fingerless gloves keyboard,CNY,50,0%,-100%,未知,,,,,,,,,,,,,,,,,,,,
1229,fingerless gloves large,CNY,50,0%,0%,高,100,,,,,,,,,,,,,,,,,,,
1230,fingerless gloves leather mens,CNY,500,900%,900%,高,100,0.95,6.88,,,,,,,,,,,,,,,,,
1231,fingerless gloves lightweight,CNY,50,0%,0%,高,100,,,,,,,,,,,,,,,,,,,
1232,fingerless gloves mens amazon,CNY,50,-100%,-100%,未知,,,,,,,,,,,,,,,,,,,,
1233,fingerless gloves mens leather,CNY,500,900%,900%,高,100,0.95,6.88,,,,,,,,,,,,,,,,,
1234,fingerless gloves mesh,CNY,50,0%,0%,高,100,,,,,,,,,,,,,,,,,,,
1235,fingerless gloves military,CNY,50,0%,0%,高,97,1.62,2.99,,,,,,,,,,,,,,,,,
1236,fingerless gloves navy,CNY,50,0%,0%,高,100,,,,,,,,,,,,,,,,,,,
1237,fingerless gloves nearby,CNY,50,0%,-100%,未知,,,,,,,,,,,,,,,,,,,,
1238,fingerless gloves not wool,CNY,50,0%,0%,高,100,,,,,,,,,,,,,,,,,,,
1239,fingerless gloves online,CNY,50,0%,-100%,未知,,,,,,,,,,,,,,,,,,,,
1240,fingerless gloves orange,CNY,50,0%,0%,高,100,,,,,,,,,,,,,,,,,,,
1241,fingerless gloves out of socks,CNY,50,∞,∞,低,0,,,,,,,,,,,,,,,,,,,
1242,fingerless gloves penneys,CNY,0,0%,0%,未知,,,,,,,,,,,,,,,,,,,,
1243,fingerless gloves pokemon,CNY,50,0%,0%,中,57,,,,,,,,,,,,,,,,,,,
1244,fingerless gloves price,CNY,50,0%,0%,未知,,,,,,,,,,,,,,,,,,,,
1245,fingerless gloves rainbow,CNY,50,0%,∞,中,50,,,,,,,,,,,,,,,,,,,
1246,fingerless gloves ravelry,CNY,50,0%,0%,低,0,,,,,,,,,,,,,,,,,,,
1247,fingerless gloves red and black,CNY,50,0%,0%,高,100,,,,,,,,,,,,,,,,,,,
1248,fingerless gloves reddit,CNY,50,0%,0%,低,0,,,,,,,,,,,,,,,,,,,
1249,fingerless gloves sainsbury's,CNY,50,0%,0%,低,0,,,,,,,,,,,,,,,,,,,
1250,fingerless gloves sheepskin,CNY,500,0%,0%,高,100,,,,,,,,,,,,,,,,,,,
1251,fingerless gloves shopee,CNY,50,-100%,0%,未知,,,,,,,,,,,,,,,,,,,,
1252,fingerless gloves silk,CNY,50,0%,0%,高,88,,,,,,,,,,,,,,,,,,,
1253,fingerless gloves skull,CNY,50,0%,0%,高,86,,,,,,,,,,,,,,,,,,,
1254,fingerless gloves small,CNY,50,0%,0%,高,100,,,,,,,,,,,,,,,,,,,
1255,fingerless gloves soft,CNY,50,0%,0%,高,83,,,,,,,,,,,,,,,,,,,
1256,fingerless gloves star,CNY,50,∞,0%,高,100,,,,,,,,,,,,,,,,,,,
1257,fingerless gloves to keep hands warm,CNY,50,-100%,0%,未知,,,,,,,,,,,,,,,,,,,,
1258,fingerless gloves to knit for 10 year olds,CNY,50,0%,0%,未知,,,,,,,,,,,,,,,,,,,,
1259,fingerless gloves usb heated,CNY,50,0%,∞,高,100,,,,,,,,,,,,,,,,,,,
1260,fingerless gloves use,CNY,50,-100%,0%,未知,,,,,,,,,,,,,,,,,,,,
1261,fingerless gloves vivienne westwood,CNY,50,0%,0%,高,100,,,,,,,,,,,,,,,,,,,
1262,fingerless gloves where to buy,CNY,50,∞,0%,高,100,,,,,,,,,,,,,,,,,,,
1263,fingerless gloves white stuff,CNY,50,0%,∞,高,100,,,,,,,,,,,,,,,,,,,
1264,fingerless gloves with cats,CNY,50,0%,0%,高,100,,,,,,,,,,,,,,,,,,,
1265,fingerless gloves with cats on them,CNY,50,0%,0%,未知,,,,,,,,,,,,,,,,,,,,
1266,fingerless gloves with chains,CNY,50,∞,∞,高,90,,,,,,,,,,,,,,,,,,,
1267,fingerless gloves with finger covers,CNY,50,0%,0%,未知,,,,,,,,,,,,,,,,,,,,
1268,fingerless gloves with finger holes,CNY,50,0%,-100%,未知,,,,,,,,,,,,,,,,,,,,
1269,fingerless gloves with fingers,CNY,500,0%,0%,高,96,1.43,7.31,,,,,,,,,,,,,,,,,
1270,fingerless gloves with fold over mittens,CNY,50,-100%,0%,未知,,,,,,,,,,,,,,,,,,,,
1271,fingerless gloves with grippers,CNY,50,-100%,0%,未知,,,,,,,,,,,,,,,,,,,,
1272,fingerless gloves with handwarmer pocket,CNY,50,0%,0%,未知,,,,,,,,,,,,,,,,,,,,
1273,fingerless gloves with heart,CNY,50,0%,0%,高,100,,,,,,,,,,,,,,,,,,,
1274,fingerless gloves with middle finger loop,CNY,50,0%,-100%,未知,,,,,,,,,,,,,,,,,,,,
1275,fingerless gloves with pearls,CNY,50,-100%,-100%,未知,,,,,,,,,,,,,,,,,,,,
1276,fingerless gloves with rings,CNY,50,0%,0%,中,50,,,,,,,,,,,,,,,,,,,
1277,fingerless gloves with skulls,CNY,50,0%,0%,高,86,,,,,,,,,,,,,,,,,,,
1278,fingerless gloves with spikes,CNY,50,0%,0%,高,71,,,,,,,,,,,,,,,,,,,
1279,fingerless gloves with studs,CNY,50,0%,∞,高,83,,,,,,,,,,,,,,,,,,,
1280,fingerless gloves with thumb,CNY,50,0%,0%,高,100,,,,,,,,,,,,,,,,,,,
1281,fingerless gloves with thumb hole,CNY,50,0%,0%,低,0,,,,,,,,,,,,,,,,,,,
1282,fingerless gloves women amazon,CNY,50,0%,0%,低,0,,,,,,,,,,,,,,,,,,,
1283,fingerless gloves women black,CNY,500,0%,0%,高,100,,,,,,,,,,,,,,,,,,,
1284,fingerless gloves women cute,CNY,50,0%,0%,未知,,,,,,,,,,,,,,,,,,,,
1285,fingerless gloves women near me,CNY,50,0%,∞,高,100,,,,,,,,,,,,,,,,,,,
1286,fingerless gloves wool mens,CNY,500,0%,0%,高,100,,,,,,,,,,,,,,,,,,,
1287,fingerless gloves xl,CNY,50,0%,0%,高,100,0.95,10.48,,,,,,,,,,,,,,,,,
1288,fingerless gloves y2k,CNY,50,0%,0%,高,100,,,,,,,,,,,,,,,,,,,
1289,fingerless gloves yellow,CNY,50,0%,0%,高,100,,,,,,,,,,,,,,,,,,,
1290,fingerless gloves youth,CNY,50,0%,-100%,未知,,,,,,,,,,,,,,,,,,,,
1291,fingerless grey gloves,CNY,500,0%,0%,高,96,,,,,,,,,,,,,,,,,,,
1292,fingerless half gloves,CNY,50,0%,0%,高,80,,,,,,,,,,,,,,,,,,,
1293,fingerless hand socks,CNY,50,0%,∞,高,100,,,,,,,,,,,,,,,,,,,
1294,fingerless hand warmer gloves,CNY,500,0%,0%,高,100,,,,,,,,,,,,,,,,,,,
1295,fingerless heart gloves,CNY,50,0%,0%,高,100,,,,,,,,,,,,,,,,,,,
1296,fingerless heated typing gloves,CNY,50,0%,0%,未知,,,,,,,,,,,,,,,,,,,,
1297,fingerless hobo gloves,CNY,50,0%,0%,中,64,,,,,,,,,,,,,,,,,,,
1298,fingerless keyboard gloves,CNY,50,0%,-100%,未知,,,,,,,,,,,,,,,,,,,,
1299,fingerless lace bridal gloves,CNY,50,0%,0%,高,100,1.51,5.40,,,,,,,,,,,,,,,,,
1300,fingerless lace gloves amazon,CNY,50,0%,0%,高,100,,,,,,,,,,,,,,,,,,,
1301,fingerless lace gloves ivory,CNY,50,0%,∞,高,100,,,,,,,,,,,,,,,,,,,
1302,fingerless lace gloves near me,CNY,50,0%,0%,高,75,,,,,,,,,,,,,,,,,,,
1303,fingerless lace up gloves,CNY,50,0%,0%,高,83,,,,,,,,,,,,,,,,,,,
1304,fingerless leather biker gloves,CNY,50,0%,0%,高,100,1.10,3.98,,,,,,,,,,,,,,,,,
1305,fingerless leather driving gloves mens,CNY,50,0%,0%,中,56,,,,,,,,,,,,,,,,,,,
1306,fingerless leather gauntlets,CNY,50,0%,0%,高,100,,,,,,,,,,,,,,,,,,,
1307,fingerless leather gloves long,CNY,50,0%,0%,高,100,,,,,,,,,,,,,,,,,,,
1308,fingerless leather gloves with spikes,CNY,50,0%,0%,高,100,,,,,,,,,,,,,,,,,,,
1309,fingerless leather gloves with studs,CNY,50,0%,0%,高,100,,,,,,,,,,,,,,,,,,,
1310,fingerless leather mittens,CNY,500,0%,0%,高,98,1.01,6.36,,,,,,,,,,,,,,,,,
1311,fingerless leather opera gloves,CNY,50,-100%,-100%,未知,,,,,,,,,,,,,,,,,,,,
1312,fingerless leather riding gloves,CNY,50,0%,0%,高,100,,,,,,,,,,,,,,,,,,,
1313,fingerless magic gloves,CNY,50,0%,0%,高,86,,,,,,,,,,,,,,,,,,,
1314,fingerless mens work gloves,CNY,500,0%,0%,高,100,1.05,4.03,,,,,,,,,,,,,,,,,
1315,fingerless metal gloves,CNY,50,0%,0%,高,67,,,,,,,,,,,,,,,,,,,
1316,fingerless mitten gloves grip,CNY,0,0%,0%,未知,,,,,,,,,,,,,,,,,,,,
1317,fingerless mittens black,CNY,50,0%,0%,高,100,,,,,,,,,,,,,,,,,,,
1318,fingerless mittens near me,CNY,50,0%,0%,未知,,,,,,,,,,,,,,,,,,,,
1319,fingerless moto gloves,CNY,500,0%,0%,高,100,0.95,3.60,,,,,,,,,,,,,,,,,
1320,fingerless motorcycle gloves amazon,CNY,50,-100%,-100%,未知,,,,,,,,,,,,,,,,,,,,
1321,fingerless outdoor gloves,CNY,50,0%,∞,高,100,,,,,,,,,,,,,,,,,,,
1322,fingerless overlord gloves,CNY,0,0%,0%,未知,,,,,,,,,,,,,,,,,,,,
1323,fingerless people,CNY,50,-100%,-100%,未知,,,,,,,,,,,,,,,,,,,,
1324,fingerless pilot gloves,CNY,50,0%,∞,低,0,,,,,,,,,,,,,,,,,,,
1325,fingerless pink gloves,CNY,500,0%,0%,高,96,,,,,,,,,,,,,,,,,,,
1326,fingerless pink leather gloves,CNY,50,0%,0%,高,100,,,,,,,,,,,,,,,,,,,
1327,fingerless punk gloves,CNY,50,0%,0%,高,100,,,,,,,,,,,,,,,,,,,
1328,fingerless purple gloves,CNY,50,0%,0%,高,100,,,,,,,,,,,,,,,,,,,
1329,fingerless rainbow gloves,CNY,50,0%,∞,中,50,,,,,,,,,,,,,,,,,,,
1330,fingerless satin wedding gloves,CNY,50,-100%,0%,未知,,,,,,,,,,,,,,,,,,,,
1331,fingerless sherpa gloves,CNY,50,0%,0%,未知,,,,,,,,,,,,,,,,,,,,
1332,fingerless slide gloves,CNY,50,-100%,0%,未知,,,,,,,,,,,,,,,,,,,,
1333,fingerless snow gloves,CNY,50,0%,0%,未知,,,,,,,,,,,,,,,,,,,,
1334,fingerless spandex gloves,CNY,50,0%,0%,高,67,,,,,,,,,,,,,,,,,,,
1335,fingerless star gloves,CNY,50,∞,0%,高,100,,,,,,,,,,,,,,,,,,,
1336,fingerless steampunk gloves,CNY,50,0%,0%,高,100,,,,,,,,,,,,,,,,,,,
1337,fingerless stretch gloves,CNY,50,0%,0%,高,100,,,,,,,,,,,,,,,,,,,
1338,fingerless striped gloves,CNY,500,0%,0%,高,100,,,,,,,,,,,,,,,,,,,
1339,fingerless therapeutic compression gloves,CNY,50,0%,0%,未知,,,,,,,,,,,,,,,,,,,,
1340,fingerless thumb hole gloves,CNY,50,0%,-100%,未知,,,,,,,,,,,,,,,,,,,,
1341,fingerless tip gloves,CNY,50,-100%,0%,未知,,,,,,,,,,,,,,,,,,,,
1342,fingerless velvet gloves,CNY,50,0%,0%,高,100,,,,,,,,,,,,,,,,,,,
1343,fingerless warm work gloves,CNY,50,0%,0%,高,100,,,,,,,,,,,,,,,,,,,
1344,fingerless wedding gloves ivory,CNY,50,0%,0%,高,100,,,,,,,,,,,,,,,,,,,
1345,fingerless wolf gloves,CNY,50,∞,∞,高,100,,,,,,,,,,,,,,,,,,,
1346,fingerless wool gloves near me,CNY,50,0%,0%,未知,,,,,,,,,,,,,,,,,,,,
1347,fingerless wool gloves with grip,CNY,50,0%,0%,未知,,,,,,,,,,,,,,,,,,,,
1348,fingerless work gloves for women,CNY,50,0%,0%,高,100,,,,,,,,,,,,,,,,,,,
1349,fingerless work gloves near me,CNY,50,0%,-100%,未知,,,,,,,,,,,,,,,,,,,,
1350,fingerless yoga gloves,CNY,50,-100%,-100%,未知,,,,,,,,,,,,,,,,,,,,
1351,fishnet bridal gloves,CNY,50,0%,0%,未知,,,,,,,,,,,,,,,,,,,,
1352,fishnet lace gloves,CNY,50,0%,-100%,未知,,,,,,,,,,,,,,,,,,,,
1353,fishnet wrist gloves,CNY,50,0%,0%,高,100,,,,,,,,,,,,,,,,,,,
1354,fleece lined wool fingerless gloves,CNY,50,0%,-100%,未知,,,,,,,,,,,,,,,,,,,,
1355,floral fingerless gloves,CNY,50,-100%,0%,未知,,,,,,,,,,,,,,,,,,,,
1356,fluffy fingerless mittens,CNY,50,0%,-100%,未知,,,,,,,,,,,,,,,,,,,,
1357,forearm fingerless gloves,CNY,50,0%,0%,高,100,,,,,,,,,,,,,,,,,,,
1358,formal fingerless gloves,CNY,50,0%,0%,高,100,,,,,,,,,,,,,,,,,,,
1359,formal lace gloves,CNY,50,0%,-100%,未知,,,,,,,,,,,,,,,,,,,,
1360,french lace gloves,CNY,50,∞,∞,高,100,,,,,,,,,,,,,,,,,,,
1361,full length lace gloves,CNY,50,-100%,0%,未知,,,,,,,,,,,,,,,,,,,,
1362,fun fingerless gloves,CNY,50,∞,0%,高,100,,,,,,,,,,,,,,,,,,,
1363,fur half gloves,CNY,50,0%,-100%,未知,,,,,,,,,,,,,,,,,,,,
1364,gandalf fingerless gloves,CNY,50,-100%,-100%,未知,,,,,,,,,,,,,,,,,,,,
1365,ganni fingerless gloves,CNY,50,0%,-100%,未知,,,,,,,,,,,,,,,,,,,,
1366,gap fingerless gloves,CNY,50,0%,0%,未知,,,,,,,,,,,,,,,,,,,,
1367,gel fingerless gloves,CNY,50,0%,0%,高,100,,,,,,,,,,,,,,,,,,,
1368,gel padded gloves fingerless,CNY,50,0%,∞,高,100,,,,,,,,,,,,,,,,,,,
1369,genuine leather fingerless gloves,CNY,50,∞,0%,高,100,,,,,,,,,,,,,,,,,,,
1370,gloves and fingerless gloves,CNY,50,0%,0%,未知,,,,,,,,,,,,,,,,,,,,
1371,gloves fingerless leather,CNY,500,0%,0%,高,98,1.01,6.36,,,,,,,,,,,,,,,,,
1372,gloves fingerless womens,CNY,5000,0%,0%,高,99,1.08,4.09,,,,,,,,,,,,,,,,,
1373,gloves for wedding gown,CNY,500,0%,0%,高,97,1.67,8.77,,,,,,,,,,,,,,,,,
1374,gloves wedding dress,CNY,500,0%,0%,高,97,1.67,8.77,,,,,,,,,,,,,,,,,
1375,gloves winter fingerless,CNY,50,0%,0%,高,83,,,,,,,,,,,,,,,,,,,
1376,gloves with lace,CNY,5000,-90%,-90%,高,99,1.02,7.27,,,,,,,,,,,,,,,,,
1377,gloves without finger holes,CNY,50,∞,0%,高,86,,,,,,,,,,,,,,,,,,,
1378,gloves without fingers amazon,CNY,500,-90%,0%,高,97,0.81,3.36,,,,,,,,,,,,,,,,,
1379,gloves without fingers leather,CNY,500,0%,0%,高,98,1.01,6.36,,,,,,,,,,,,,,,,,
1380,gloves without hands,CNY,50,0%,0%,未知,,,,,,,,,,,,,,,,,,,,
1381,gloves without thumb,CNY,50,0%,0%,低,0,,,,,,,,,,,,,,,,,,,
1382,gloves without thumb and index,CNY,50,-100%,0%,未知,,,,,,,,,,,,,,,,,,,,
1383,gold lace fingerless gloves,CNY,50,-100%,-100%,未知,,,,,,,,,,,,,,,,,,,,
1384,gold wedding gloves,CNY,50,0%,0%,未知,,,,,,,,,,,,,,,,,,,,
1385,goth lace gloves,CNY,50,0%,0%,高,100,,,,,,,,,,,,,,,,,,,
1386,gothic lace fingerless gloves,CNY,50,-100%,-100%,未知,,,,,,,,,,,,,,,,,,,,
1387,gown and glove bridal,CNY,,--,--,未知,,,,,,,,,,,,,,,,,,,,
1388,gray lace gloves,CNY,50,0%,0%,高,100,,,,,,,,,,,,,,,,,,,
1389,green gloves fingerless,CNY,500,0%,0%,高,93,,,,,,,,,,,,,,,,,,,
1390,green lace fingerless gloves,CNY,50,0%,∞,高,100,,,,,,,,,,,,,,,,,,,
1391,green leather fingerless gloves,CNY,50,0%,0%,高,100,,,,,,,,,,,,,,,,,,,
1392,green long fingerless gloves,CNY,50,∞,0%,高,100,,,,,,,,,,,,,,,,,,,
1393,green wool fingerless gloves,CNY,50,∞,0%,高,100,,,,,,,,,,,,,,,,,,,
1394,grey fingerless gloves mens,CNY,50,-100%,-100%,未知,,,,,,,,,,,,,,,,,,,,
1395,grey fingerless mittens,CNY,50,-100%,0%,未知,,,,,,,,,,,,,,,,,,,,
1396,grey lace gloves,CNY,50,0%,0%,高,100,,,,,,,,,,,,,,,,,,,
1397,grey wool fingerless gloves,CNY,50,0%,0%,未知,,,,,,,,,,,,,,,,,,,,
1398,grip gloves fingerless,CNY,50,0%,0%,高,100,,,,,,,,,,,,,,,,,,,
1399,gucci gloves lace dupe,CNY,50,0%,0%,未知,,,,,,,,,,,,,,,,,,,,
1400,gucci gloves womens lace,CNY,50,0%,0%,未知,,,,,,,,,,,,,,,,,,,,
1401,gucci lace gloves dupe,CNY,50,0%,-100%,未知,,,,,,,,,,,,,,,,,,,,
1402,guideline fir skin cgx,CNY,50,0%,-100%,未知,,,,,,,,,,,,,,,,,,,,
1403,gypsy and lolo fingerless gloves,CNY,50,0%,0%,未知,,,,,,,,,,,,,,,,,,,,
1404,half arm gloves,CNY,50,0%,-100%,未知,,,,,,,,,,,,,,,,,,,,
1405,half finger,CNY,50,0%,0%,中,35,,,,,,,,,,,,,,,,,,,
1406,half finger black gloves,CNY,50,0%,0%,高,100,,,,,,,,,,,,,,,,,,,
1407,half finger gloves amazon,CNY,50,0%,∞,高,100,,,,,,,,,,,,,,,,,,,
1408,half finger gloves black,CNY,50,0%,0%,高,100,,,,,,,,,,,,,,,,,,,
1409,half finger gloves cotton,CNY,50,0%,∞,高,100,,,,,,,,,,,,,,,,,,,
1410,half finger gloves for motorcycle,CNY,50,0%,0%,高,100,,,,,,,,,,,,,,,,,,,
1411,half finger gloves motorcycle,CNY,50,0%,0%,高,100,,,,,,,,,,,,,,,,,,,
1412,half finger gloves near me,CNY,50,-100%,0%,未知,,,,,,,,,,,,,,,,,,,,
1413,half finger gloves winter,CNY,50,∞,0%,中,50,,,,,,,,,,,,,,,,,,,
1414,half finger gloves wool,CNY,50,∞,∞,高,100,,,,,,,,,,,,,,,,,,,
1415,half finger hand gloves,CNY,50,0%,-100%,未知,,,,,,,,,,,,,,,,,,,,
1416,half finger leather motorcycle gloves,CNY,50,-100%,0%,未知,,,,,,,,,,,,,,,,,,,,
1417,half finger long gloves,CNY,50,0%,∞,低,0,,,,,,,,,,,,,,,,,,,
1418,half finger motorcycle riding gloves,CNY,50,-100%,-100%,未知,,,,,,,,,,,,,,,,,,,,
1419,half finger riding gloves,CNY,50,0%,0%,高,100,,,,,,,,,,,,,,,,,,,
1420,half finger sports gloves,CNY,50,-100%,-100%,未知,,,,,,,,,,,,,,,,,,,,
1421,half finger white gloves,CNY,50,0%,0%,未知,,,,,,,,,,,,,,,,,,,,
1422,half glove half mitten,CNY,50,∞,0%,高,100,,,,,,,,,,,,,,,,,,,
1423,half gloves black,CNY,50,0%,0%,高,75,,,,,,,,,,,,,,,,,,,
1424,half gloves for ladies,CNY,50,0%,0%,未知,,,,,,,,,,,,,,,,,,,,
1425,half gloves for motorcycle,CNY,50,0%,-100%,未知,,,,,,,,,,,,,,,,,,,,
1426,half gloves for summer,CNY,50,∞,∞,高,100,,,,,,,,,,,,,,,,,,,
1427,half gloves price,CNY,0,0%,0%,未知,,,,,,,,,,,,,,,,,,,,
1428,half gloves winter,CNY,50,0%,-100%,未知,,,,,,,,,,,,,,,,,,,,
1429,half gloves women,CNY,50,0%,0%,高,99,,,,,,,,,,,,,,,,,,,
1430,half mitten half glove,CNY,50,∞,0%,高,100,,,,,,,,,,,,,,,,,,,
1431,half sleeve gloves,CNY,50,0%,0%,高,100,,,,,,,,,,,,,,,,,,,
1432,hand gloves fingerless,CNY,50,0%,0%,中,50,,,,,,,,,,,,,,,,,,,
1433,hand gloves for wedding,CNY,50,0%,0%,高,100,,,,,,,,,,,,,,,,,,,
1434,hand gloves for wedding gown,CNY,50,0%,0%,未知,,,,,,,,,,,,,,,,,,,,
1435,hand gloves half finger,CNY,50,0%,-100%,未知,,,,,,,,,,,,,,,,,,,,
1436,hand gloves lace,CNY,50,0%,0%,高,100,,,,,,,,,,,,,,,,,,,
1437,hand half gloves,CNY,50,∞,∞,高,67,,,,,,,,,,,,,,,,,,,
1438,hand knitted fingerless mittens,CNY,50,∞,0%,高,100,,,,,,,,,,,,,,,,,,,
1439,hand lace gloves,CNY,50,0%,0%,高,96,,,,,,,,,,,,,,,,,,,
1440,hand warmers fingerless,CNY,50,0%,0%,高,100,,,,,,,,,,,,,,,,,,,
1441,harris tweed fingerless gloves,CNY,50,0%,0%,高,100,,,,,,,,,,,,,,,,,,,
1442,harry potter fingerless gloves,CNY,50,0%,0%,低,0,,,,,,,,,,,,,,,,,,,
1443,heart cut out gloves,CNY,50,0%,0%,未知,,,,,,,,,,,,,,,,,,,,
1444,heart fingerless gloves,CNY,50,0%,0%,高,100,,,,,,,,,,,,,,,,,,,
1445,heart gloves fingerless,CNY,50,0%,0%,高,100,,,,,,,,,,,,,,,,,,,
1446,heat holders fingerless gloves mens,CNY,50,-100%,-100%,未知,,,,,,,,,,,,,,,,,,,,
1447,heat holders mens fingerless gloves,CNY,50,-100%,0%,未知,,,,,,,,,,,,,,,,,,,,
1448,heat holders womens fingerless gloves,CNY,50,-100%,0%,未知,,,,,,,,,,,,,,,,,,,,
1449,heated fingerless mittens,CNY,500,0%,0%,中,36,,,,,,,,,,,,,,,,,,,
1450,heavy duty fingerless work gloves,CNY,50,0%,0%,高,100,,,,,,,,,,,,,,,,,,,
1451,heavy wool fingerless gloves,CNY,50,0%,0%,未知,,,,,,,,,,,,,,,,,,,,
1452,hemp fingerless gloves,CNY,50,0%,0%,未知,,,,,,,,,,,,,,,,,,,,
1453,hermes fingerless gloves,CNY,50,0%,∞,低,0,,,,,,,,,,,,,,,,,,,
1454,hermione fingerless gloves,CNY,50,0%,∞,低,0,,,,,,,,,,,,,,,,,,,
1455,hermione granger fingerless gloves,CNY,50,0%,0%,低,0,,,,,,,,,,,,,,,,,,,
1456,hippie fingerless gloves,CNY,50,-100%,0%,未知,,,,,,,,,,,,,,,,,,,,
1457,hobo gloves amazon,CNY,50,0%,0%,未知,,,,,,,,,,,,,,,,,,,,
1458,holy communion lace gloves,CNY,50,-100%,-100%,未知,,,,,,,,,,,,,,,,,,,,
1459,hot hands fingerless gloves,CNY,50,0%,0%,未知,,,,,,,,,,,,,,,,,,,,
1460,hunting gloves fingerless,CNY,50,0%,0%,高,100,,,,,,,,,,,,,,,,,,,
1461,ice fishing convertible mittens,CNY,0,0%,0%,未知,,,,,,,,,,,,,,,,,,,,
1462,ice fishing fingerless gloves,CNY,50,0%,0%,未知,,,,,,,,,,,,,,,,,,,,
1463,icelandic fingerless gloves,CNY,50,0%,-100%,未知,,,,,,,,,,,,,,,,,,,,
1464,index fingerless gloves,CNY,50,-100%,-100%,未知,,,,,,,,,,,,,,,,,,,,
1465,industrial fingerless gloves,CNY,50,-100%,-100%,未知,,,,,,,,,,,,,,,,,,,,
1466,infant lace gloves,CNY,50,∞,0%,高,100,,,,,,,,,,,,,,,,,,,
1467,insulated fingerless work gloves,CNY,50,0%,-100%,未知,,,,,,,,,,,,,,,,,,,,
1468,isotoner fingerless therapeutic gloves,CNY,50,0%,0%,未知,,,,,,,,,,,,,,,,,,,,
1469,isotoner open finger gloves,CNY,50,∞,∞,高,100,,,,,,,,,,,,,,,,,,,
1470,ivory fingerless wedding gloves,CNY,50,0%,0%,高,100,,,,,,,,,,,,,,,,,,,
1471,ivory lace fingerless gloves,CNY,50,0%,∞,高,100,,,,,,,,,,,,,,,,,,,
1472,ivory lace gloves fingerless,CNY,50,0%,∞,高,100,,,,,,,,,,,,,,,,,,,
1473,ivory lace wedding gloves,CNY,50,0%,0%,高,100,,,,,,,,,,,,,,,,,,,
1474,jack pyke fingerless gloves,CNY,50,-100%,-100%,未知,,,,,,,,,,,,,,,,,,,,
1475,jersey fingerless gloves,CNY,50,0%,0%,高,100,,,,,,,,,,,,,,,,,,,
1476,jeweled fingerless gloves,CNY,50,0%,0%,未知,,,,,,,,,,,,,,,,,,,,
1477,jocelyn rabbit fur fingerless gloves,CNY,50,0%,0%,未知,,,,,,,,,,,,,,,,,,,,
1478,john lewis mens fingerless gloves,CNY,50,0%,-100%,未知,,,,,,,,,,,,,,,,,,,,
1479,karl lagerfeld fingerless leather gloves,CNY,50,∞,0%,高,100,,,,,,,,,,,,,,,,,,,
1480,kawaii fingerless gloves,CNY,50,∞,0%,中,50,,,,,,,,,,,,,,,,,,,
1481,kenai fingerless gloves,CNY,50,0%,0%,未知,,,,,,,,,,,,,,,,,,,,
1482,knit finger gloves,CNY,50,0%,0%,低,0,,,,,,,,,,,,,,,,,,,
1483,knit fingerless gloves with mitten flap,CNY,50,0%,0%,未知,,,,,,,,,,,,,,,,,,,,
1484,knit gloves without fingers,CNY,500,0%,0%,高,98,,,,,,,,,,,,,,,,,,,
1485,knit half finger gloves,CNY,50,∞,∞,低,14,,,,,,,,,,,,,,,,,,,
1486,knit lace gloves,CNY,50,0%,0%,高,100,,,,,,,,,,,,,,,,,,,
1487,knit mittens fingerless,CNY,500,0%,0%,高,98,,,,,,,,,,,,,,,,,,,
1488,knitted half gloves,CNY,50,-100%,-100%,未知,,,,,,,,,,,,,,,,,,,,
1489,knitting squirrel fingerless mittens,CNY,50,∞,∞,低,0,,,,,,,,,,,,,,,,,,,
1490,knitting thumb gusset fingerless gloves,CNY,50,∞,∞,低,0,,,,,,,,,,,,,,,,,,,
1491,knitty fingerless gloves,CNY,50,∞,∞,低,0,,,,,,,,,,,,,,,,,,,
1492,kurt geiger fingerless gloves,CNY,50,∞,∞,高,100,,,,,,,,,,,,,,,,,,,
1493,kusan fingerless gloves,CNY,50,0%,-100%,未知,,,,,,,,,,,,,,,,,,,,
1494,lace and loop boxing,CNY,50,0%,0%,高,100,,,,,,,,,,,,,,,,,,,
1495,lace and loop boxing gloves,CNY,50,0%,0%,高,100,,,,,,,,,,,,,,,,,,,
1496,lace arm gloves,CNY,50,0%,0%,高,100,,,,,,,,,,,,,,,,,,,
1497,lace driving gloves,CNY,50,-100%,-100%,未知,,,,,,,,,,,,,,,,,,,,
1498,lace elbow length gloves,CNY,50,0%,0%,高,100,,,,,,,,,,,,,,,,,,,
1499,lace evening gloves,CNY,50,0%,0%,高,75,,,,,,,,,,,,,,,,,,,
1500,lace fashion gloves,CNY,50,0%,0%,高,100,,,,,,,,,,,,,,,,,,,
1501,lace finger gloves,CNY,50,0%,0%,高,80,,,,,,,,,,,,,,,,,,,
1502,lace fingerless gloves long,CNY,50,0%,0%,高,100,0.84,5.43,,,,,,,,,,,,,,,,,
1503,lace fingerless gloves white,CNY,50,0%,0%,高,96,0.94,5.83,,,,,,,,,,,,,,,,,
1504,lace fingerless gloves women,CNY,50,∞,0%,高,100,,,,,,,,,,,,,,,,,,,
1505,lace floral gloves,CNY,50,0%,0%,高,100,,,,,,,,,,,,,,,,,,,
1506,lace gauntlet,CNY,50,0%,0%,高,83,,,,,,,,,,,,,,,,,,,
1507,lace glovelettes,CNY,5000,-90%,-90%,高,99,1.02,7.27,,,,,,,,,,,,,,,,,
1508,lace gloves black long,CNY,50,0%,0%,高,98,1.24,8.34,,,,,,,,,,,,,,,,,
1509,lace gloves blue,CNY,50,0%,0%,高,100,,,,,,,,,,,,,,,,,,,
1510,lace gloves bridal,CNY,500,0%,0%,高,99,1.85,7.43,,,,,,,,,,,,,,,,,
1511,lace gloves claire's,CNY,50,-100%,0%,未知,,,,,,,,,,,,,,,,,,,,
1512,lace gloves elbow length,CNY,50,0%,0%,高,100,,,,,,,,,,,,,,,,,,,
1513,lace gloves for sale,CNY,50,-100%,0%,未知,,,,,,,,,,,,,,,,,,,,
1514,lace gloves halloween,CNY,50,0%,-100%,未知,,,,,,,,,,,,,,,,,,,,
1515,lace gloves in store,CNY,50,-100%,-100%,未知,,,,,,,,,,,,,,,,,,,,
1516,lace gloves online,CNY,0,0%,0%,未知,,,,,,,,,,,,,,,,,,,,
1517,lace gloves pink,CNY,50,0%,0%,高,100,1.05,5.68,,,,,,,,,,,,,,,,,
1518,lace gloves red,CNY,500,900%,900%,高,100,0.99,5.25,,,,,,,,,,,,,,,,,
1519,lace gloves shein,CNY,50,0%,0%,高,100,,,,,,,,,,,,,,,,,,,
1520,lace gloves short,CNY,50,0%,0%,高,100,1.26,9.12,,,,,,,,,,,,,,,,,
1521,lace gloves without fingers,CNY,50,-100%,-100%,未知,,,,,,,,,,,,,,,,,,,,
1522,lace gloves women,CNY,50,0%,∞,高,100,,,,,,,,,,,,,,,,,,,
1523,lace goth gloves,CNY,50,0%,0%,高,100,,,,,,,,,,,,,,,,,,,
1524,lace green gloves,CNY,50,0%,0%,高,100,0.56,1.80,,,,,,,,,,,,,,,,,
1525,lace half gloves,CNY,50,0%,0%,高,100,,,,,,,,,,,,,,,,,,,
1526,lace hand gloves for women,CNY,50,0%,0%,高,100,,,,,,,,,,,,,,,,,,,
1527,lace ladies gloves,CNY,50,0%,0%,高,100,1.31,9.18,,,,,,,,,,,,,,,,,
1528,lace long sleeve gloves,CNY,50,0%,0%,高,100,,,,,,,,,,,,,,,,,,,
1529,lace mittens,CNY,50,0%,0%,高,77,,,,,,,,,,,,,,,,,,,
1530,lace opera length gloves,CNY,50,0%,0%,高,100,,,,,,,,,,,,,,,,,,,
1531,lace pink gloves,CNY,50,0%,0%,高,100,1.05,5.68,,,,,,,,,,,,,,,,,
1532,lace red gloves,CNY,500,900%,900%,高,100,0.99,5.25,,,,,,,,,,,,,,,,,
1533,lace sleeve gloves,CNY,50,0%,0%,高,100,,,,,,,,,,,,,,,,,,,
1534,lace tea gloves,CNY,50,-100%,-100%,未知,,,,,,,,,,,,,,,,,,,,
1535,lace up arm warmers,CNY,50,0%,0%,低,0,,,,,,,,,,,,,,,,,,,
1536,lace up leather gloves,CNY,50,0%,0%,中,34,,,,,,,,,,,,,,,,,,,
1537,lace victorian gloves,CNY,50,0%,0%,高,100,,,,,,,,,,,,,,,,,,,
1538,lace vintage gloves,CNY,50,0%,0%,高,97,0.17,3.33,,,,,,,,,,,,,,,,,
1539,lace wedding dress with gloves,CNY,50,0%,0%,高,95,,,,,,,,,,,,,,,,,,,
1540,lace women's gloves,CNY,50,0%,∞,高,100,,,,,,,,,,,,,,,,,,,
1541,lace wrist gloves,CNY,50,0%,0%,高,100,,,,,,,,,,,,,,,,,,,
1542,lace wrist warmers,CNY,50,0%,∞,高,100,,,,,,,,,,,,,,,,,,,
1543,lacy glove,CNY,50,0%,0%,高,100,0.99,2.35,,,,,,,,,,,,,,,,,
1544,ladies black lace gloves,CNY,50,0%,0%,高,100,1.08,6.55,,,,,,,,,,,,,,,,,
1545,ladies fingerless gloves amazon,CNY,50,0%,0%,高,100,,,,,,,,,,,,,,,,,,,
1546,ladies fingerless gloves asda,CNY,50,-100%,-100%,未知,,,,,,,,,,,,,,,,,,,,
1547,ladies fingerless motorcycle gloves,CNY,50,0%,0%,高,72,1.17,2.20,,,,,,,,,,,,,,,,,
1548,ladies gloves fingerless,CNY,5000,0%,0%,高,99,1.08,4.09,,,,,,,,,,,,,,,,,
1549,ladies gloves without fingers,CNY,50,0%,0%,未知,,,,,,,,,,,,,,,,,,,,
1550,ladies half finger gloves,CNY,50,0%,0%,高,100,,,,,,,,,,,,,,,,,,,
1551,ladies half gloves,CNY,50,0%,0%,高,99,,,,,,,,,,,,,,,,,,,
1552,ladies lace fingerless gloves,CNY,50,0%,0%,高,100,,,,,,,,,,,,,,,,,,,
1553,ladies long fingerless gloves,CNY,50,0%,0%,高,100,,,,,,,,,,,,,,,,,,,
1554,ladies small fingerless gloves,CNY,50,0%,0%,未知,,,,,,,,,,,,,,,,,,,,
1555,ladies thinsulate fingerless gloves,CNY,50,-100%,-100%,未知,,,,,,,,,,,,,,,,,,,,
1556,ladies wedding gloves,CNY,50,0%,0%,高,100,,,,,,,,,,,,,,,,,,,
1557,ladies white lace gloves,CNY,50,0%,0%,高,100,1.26,6.29,,,,,,,,,,,,,,,,,
1558,lady classic half glove,CNY,50,∞,∞,高,100,,,,,,,,,,,,,,,,,,,
1559,lambskin fingerless gloves,CNY,500,0%,0%,高,100,,,,,,,,,,,,,,,,,,,
1560,lands end fingerless gloves,CNY,50,0%,0%,未知,,,,,,,,,,,,,,,,,,,,
1561,latex half gloves,CNY,50,0%,-100%,未知,,,,,,,,,,,,,,,,,,,,
1562,lavender fingerless gloves,CNY,50,0%,∞,高,100,,,,,,,,,,,,,,,,,,,
1563,lavender lace gloves,CNY,50,0%,∞,高,100,,,,,,,,,,,,,,,,,,,
1564,le bonnet fingerless gloves,CNY,50,0%,0%,未知,,,,,,,,,,,,,,,,,,,,
1565,leather and fur fingerless gloves,CNY,50,-100%,0%,未知,,,,,,,,,,,,,,,,,,,,
1566,leather and lace gloves,CNY,50,-100%,0%,未知,,,,,,,,,,,,,,,,,,,,
1567,leather black fingerless gloves,CNY,500,-90%,-90%,高,97,0.88,3.58,,,,,,,,,,,,,,,,,
1568,leather bridal gloves,CNY,50,-100%,0%,未知,,,,,,,,,,,,,,,,,,,,
1569,leather cut off gloves,CNY,50,∞,0%,低,0,,,,,,,,,,,,,,,,,,,
1570,leather cut out gloves,CNY,50,-100%,-100%,未知,,,,,,,,,,,,,,,,,,,,
1571,leather cycling gloves fingerless,CNY,50,0%,0%,高,100,3.61,8.25,,,,,,,,,,,,,,,,,
1572,leather fingerless,CNY,50,0%,∞,高,100,,,,,,,,,,,,,,,,,,,
1573,leather fingerless biker gloves,CNY,50,0%,0%,高,100,1.10,3.98,,,,,,,,,,,,,,,,,
1574,leather fingerless gloves brown,CNY,50,0%,0%,高,100,,,,,,,,,,,,,,,,,,,
1575,leather fingerless gloves long,CNY,50,0%,0%,高,100,,,,,,,,,,,,,,,,,,,
1576,leather fingerless gloves near me,CNY,50,0%,0%,未知,,,,,,,,,,,,,,,,,,,,
1577,leather gloves fingerless mens,CNY,500,900%,900%,高,100,0.95,6.88,,,,,,,,,,,,,,,,,
1578,leather gloves open fingers,CNY,50,0%,0%,高,100,,,,,,,,,,,,,,,,,,,
1579,leather half gloves ladies,CNY,50,0%,0%,高,100,,,,,,,,,,,,,,,,,,,
1580,leather open finger gloves,CNY,50,0%,0%,高,100,,,,,,,,,,,,,,,,,,,
1581,leather palm fingerless gloves,CNY,50,0%,∞,中,50,,,,,,,,,,,,,,,,,,,
1582,leather studded fingerless gloves,CNY,50,0%,0%,高,100,,,,,,,,,,,,,,,,,,,
1583,light brown fingerless gloves,CNY,50,-100%,-100%,未知,,,,,,,,,,,,,,,,,,,,
1584,light grey fingerless gloves,CNY,50,∞,∞,低,0,,,,,,,,,,,,,,,,,,,
1585,light pink fingerless gloves,CNY,50,0%,0%,高,100,,,,,,,,,,,,,,,,,,,
1586,lilac fingerless gloves,CNY,50,-100%,-100%,未知,,,,,,,,,,,,,,,,,,,,
1587,lime green fingerless gloves,CNY,50,0%,0%,未知,,,,,,,,,,,,,,,,,,,,
1588,lined fingerless mittens,CNY,50,0%,0%,未知,,,,,,,,,,,,,,,,,,,,
1589,lined leather fingerless gloves,CNY,50,0%,0%,未知,,,,,,,,,,,,,,,,,,,,
1590,long black leather fingerless gloves,CNY,50,0%,∞,高,100,,,,,,,,,,,,,,,,,,,
1591,long brown fingerless gloves,CNY,50,0%,∞,低,0,,,,,,,,,,,,,,,,,,,
1592,long fingerless gloves amazon,CNY,50,-100%,-100%,未知,,,,,,,,,,,,,,,,,,,,
1593,long fingerless gloves black,CNY,50,0%,0%,高,100,,,,,,,,,,,,,,,,,,,
1594,long fingerless gloves for women,CNY,50,0%,0%,高,100,,,,,,,,,,,,,,,,,,,
1595,long fingerless gloves leather,CNY,50,0%,0%,高,100,,,,,,,,,,,,,,,,,,,
1596,long fingerless gloves mens,CNY,50,0%,0%,未知,,,,,,,,,,,,,,,,,,,,
1597,long fingerless gloves near me,CNY,50,0%,-100%,未知,,,,,,,,,,,,,,,,,,,,
1598,long fingerless skeleton gloves,CNY,50,0%,-100%,未知,,,,,,,,,,,,,,,,,,,,
1599,long fingerless wedding gloves,CNY,50,-100%,-100%,未知,,,,,,,,,,,,,,,,,,,,
1600,long fishnet fingerless gloves,CNY,50,0%,0%,高,100,,,,,,,,,,,,,,,,,,,
1601,long gloves lace,CNY,500,0%,900%,高,100,1.10,17.25,,,,,,,,,,,,,,,,,
1602,long gloves wedding,CNY,50,0%,0%,高,100,2.57,8.20,,,,,,,,,,,,,,,,,
1603,long gloves with wedding dress,CNY,50,0%,0%,高,95,,,,,,,,,,,,,,,,,,,
1604,long green fingerless gloves,CNY,50,0%,0%,低,0,,,,,,,,,,,,,,,,,,,
1605,long half finger gloves,CNY,50,0%,∞,低,0,,,,,,,,,,,,,,,,,,,
1606,long knit fingerless gloves,CNY,50,0%,0%,高,100,,,,,,,,,,,,,,,,,,,
1607,long lace gloves near me,CNY,50,0%,0%,未知,,,,,,,,,,,,,,,,,,,,
1608,long lace gloves white,CNY,50,0%,0%,高,100,,,,,,,,,,,,,,,,,,,
1609,long lace up gloves,CNY,50,0%,0%,未知,,,,,,,,,,,,,,,,,,,,
1610,long lace wedding gloves,CNY,50,0%,0%,高,100,,,,,,,,,,,,,,,,,,,
1611,long mesh fingerless gloves,CNY,50,-100%,0%,未知,,,,,,,,,,,,,,,,,,,,
1612,long pink fingerless gloves,CNY,50,-100%,-100%,未知,,,,,,,,,,,,,,,,,,,,
1613,long red fingerless gloves,CNY,50,0%,0%,高,100,,,,,,,,,,,,,,,,,,,
1614,long red lace gloves,CNY,50,0%,0%,高,100,,,,,,,,,,,,,,,,,,,
1615,long sheer fingerless gloves,CNY,50,∞,∞,高,100,,,,,,,,,,,,,,,,,,,
1616,long sleeve wedding dress with gloves,CNY,50,0%,0%,中,64,,,,,,,,,,,,,,,,,,,
1617,long striped fingerless gloves,CNY,50,0%,0%,高,100,,,,,,,,,,,,,,,,,,,
1618,long striped gloves,CNY,50,0%,0%,高,100,,,,,,,,,,,,,,,,,,,
1619,long white lace fingerless gloves,CNY,50,0%,0%,高,67,,,,,,,,,,,,,,,,,,,
1620,long wool fingerless gloves,CNY,50,-100%,-100%,未知,,,,,,,,,,,,,,,,,,,,
1621,long wrist fingerless gloves,CNY,50,0%,-100%,未知,,,,,,,,,,,,,,,,,,,,
1622,mad hatter fingerless gloves,CNY,50,∞,0%,低,0,,,,,,,,,,,,,,,,,,,
1623,madonna black lace gloves,CNY,50,0%,0%,高,100,,,,,,,,,,,,,,,,,,,
1624,madonna fingerless gloves,CNY,50,0%,0%,中,64,,,,,,,,,,,,,,,,,,,
1625,madonna white lace gloves,CNY,50,-100%,-100%,未知,,,,,,,,,,,,,,,,,,,,
1626,magic loop fingerless gloves,CNY,50,0%,0%,未知,,,,,,,,,,,,,,,,,,,,
1627,magnetic fingerless gloves,CNY,50,-100%,-100%,未知,,,,,,,,,,,,,,,,,,,,
1628,maison margiela fingerless gloves,CNY,50,0%,∞,低,0,,,,,,,,,,,,,,,,,,,
1629,marc jacobs fingerless gloves,CNY,50,0%,0%,未知,,,,,,,,,,,,,,,,,,,,
1630,marching band fingerless gloves,CNY,50,0%,0%,未知,,,,,,,,,,,,,,,,,,,,
1631,marks fingerless gloves,CNY,50,0%,0%,未知,,,,,,,,,,,,,,,,,,,,
1632,marmot fingerless gloves,CNY,50,0%,0%,未知,,,,,,,,,,,,,,,,,,,,
1633,maroon fingerless gloves,CNY,500,0%,0%,高,100,,,,,,,,,,,,,,,,,,,
1634,marriage gloves,CNY,50,∞,∞,低,0,,,,,,,,,,,,,,,,,,,
1635,medieval fingerless gloves,CNY,50,0%,0%,高,71,,,,,,,,,,,,,,,,,,,
1636,men's convertible fingerless gloves,CNY,50,-100%,0%,未知,,,,,,,,,,,,,,,,,,,,
1637,men's fingerless gloves barbour,CNY,50,0%,0%,未知,,,,,,,,,,,,,,,,,,,,
1638,men's fingerless gloves with mitten cover,CNY,50,0%,∞,高,100,,,,,,,,,,,,,,,,,,,
1639,men's half finger leather gloves,CNY,50,0%,-100%,未知,,,,,,,,,,,,,,,,,,,,
1640,men's half finger winter gloves,CNY,50,0%,0%,未知,,,,,,,,,,,,,,,,,,,,
1641,mens 3m thinsulate winter fingerless gloves,CNY,50,0%,0%,未知,,,,,,,,,,,,,,,,,,,,
1642,mens alpaca fingerless gloves,CNY,50,0%,0%,未知,,,,,,,,,,,,,,,,,,,,
1643,mens black leather fingerless driving gloves,CNY,0,0%,0%,未知,,,,,,,,,,,,,,,,,,,,
1644,mens black leather fingerless gloves,CNY,50,0%,0%,高,100,,,,,,,,,,,,,,,,,,,
1645,mens blue fingerless gloves,CNY,50,0%,∞,低,0,,,,,,,,,,,,,,,,,,,
1646,mens cotton fingerless gloves,CNY,50,0%,0%,高,100,,,,,,,,,,,,,,,,,,,
1647,mens designer fingerless gloves,CNY,50,0%,-100%,未知,,,,,,,,,,,,,,,,,,,,
1648,mens fingerless fleece gloves,CNY,50,-100%,-100%,未知,,,,,,,,,,,,,,,,,,,,
1649,mens fingerless glove mittens,CNY,50,0%,0%,低,10,,,,,,,,,,,,,,,,,,,
1650,mens fingerless gloves near me,CNY,50,∞,0%,高,100,,,,,,,,,,,,,,,,,,,
1651,mens fingerless gloves with flap,CNY,50,0%,∞,高,100,,,,,,,,,,,,,,,,,,,
1652,mens fingerless leather motorcycle gloves,CNY,0,0%,0%,未知,,,,,,,,,,,,,,,,,,,,
1653,mens fingerless mitten gloves,CNY,50,0%,0%,未知,,,,,,,,,,,,,,,,,,,,
1654,mens fingerless mittens with flap,CNY,50,0%,∞,高,100,,,,,,,,,,,,,,,,,,,
1655,mens fingerless sheepskin gloves,CNY,50,-100%,-100%,未知,,,,,,,,,,,,,,,,,,,,
1656,mens fleece fingerless gloves,CNY,50,-100%,-100%,未知,,,,,,,,,,,,,,,,,,,,
1657,mens gloves fingerless cover,CNY,50,0%,0%,未知,,,,,,,,,,,,,,,,,,,,
1658,mens grey fingerless gloves,CNY,50,-100%,-100%,未知,,,,,,,,,,,,,,,,,,,,
1659,mens lace gloves,CNY,50,0%,∞,中,60,,,,,,,,,,,,,,,,,,,
1660,mens mittens fingerless,CNY,5000,0%,0%,中,65,1.50,9.71,,,,,,,,,,,,,,,,,
1661,mens red fingerless gloves,CNY,50,0%,0%,高,100,,,,,,,,,,,,,,,,,,,
1662,mens thick fingerless gloves,CNY,50,0%,0%,未知,,,,,,,,,,,,,,,,,,,,
1663,mens thin fingerless gloves,CNY,50,0%,0%,高,100,,,,,,,,,,,,,,,,,,,
1664,mens thinsulate 3m thermal fingerless gloves,CNY,50,0%,0%,未知,,,,,,,,,,,,,,,,,,,,
1665,mens thinsulate thermal fingerless gloves,CNY,50,0%,0%,未知,,,,,,,,,,,,,,,,,,,,
1666,mens wedding gloves,CNY,50,0%,0%,高,100,,,,,,,,,,,,,,,,,,,
1667,merino fingerless grip,CNY,0,0%,0%,未知,,,,,,,,,,,,,,,,,,,,
1668,merino wool half finger gloves,CNY,50,0%,0%,未知,,,,,,,,,,,,,,,,,,,,
1669,mermaid wedding dress with gloves,CNY,50,0%,0%,低,0,,,,,,,,,,,,,,,,,,,
1670,metal fingerless gloves,CNY,50,0%,0%,高,67,,,,,,,,,,,,,,,,,,,
1671,metallic fingerless gloves,CNY,50,0%,0%,高,67,,,,,,,,,,,,,,,,,,,
1672,metallic silver fingerless gloves,CNY,50,0%,0%,未知,,,,,,,,,,,,,,,,,,,,
1673,mhl fingerless gloves,CNY,50,0%,0%,未知,,,,,,,,,,,,,,,,,,,,
1674,michael jackson fingerless gloves,CNY,50,0%,0%,中,57,,,,,,,,,,,,,,,,,,,
1675,microfiber fingerless gloves,CNY,50,-100%,-100%,未知,,,,,,,,,,,,,,,,,,,,
1676,military wool fingerless gloves,CNY,50,0%,0%,未知,,,,,,,,,,,,,,,,,,,,
1677,milwaukee fingerless work gloves 48 22,CNY,0,0%,0%,未知,,,,,,,,,,,,,,,,,,,,
1678,mittens with thumb flaps,CNY,50,0%,0%,未知,,,,,,,,,,,,,,,,,,,,
1679,modern wedding dress with gloves,CNY,50,0%,0%,高,94,,,,,,,,,,,,,,,,,,,
1680,moira rose fingerless gloves,CNY,50,∞,∞,高,100,,,,,,,,,,,,,,,,,,,
1681,multi coloured fingerless gloves,CNY,50,0%,0%,高,100,,,,,,,,,,,,,,,,,,,
1682,mushroom fingerless gloves,CNY,50,-100%,-100%,未知,,,,,,,,,,,,,,,,,,,,
1683,musicians fingerless gloves,CNY,50,-100%,0%,未知,,,,,,,,,,,,,,,,,,,,
1684,neon green fingerless gloves,CNY,50,0%,0%,高,100,,,,,,,,,,,,,,,,,,,
1685,neon lace gloves,CNY,50,∞,0%,高,100,,,,,,,,,,,,,,,,,,,
1686,nepalese fingerless gloves,CNY,50,0%,0%,未知,,,,,,,,,,,,,,,,,,,,
1687,net fingerless gloves,CNY,50,0%,0%,高,100,,,,,,,,,,,,,,,,,,,
1688,nevada fingerless gloves,CNY,50,0%,0%,未知,,,,,,,,,,,,,,,,,,,,
1689,nicola peltz gloves,CNY,50,0%,0%,低,0,,,,,,,,,,,,,,,,,,,
1690,ninja fingerless gloves,CNY,50,0%,0%,低,17,,,,,,,,,,,,,,,,,,,
1691,not on the high street fingerless gloves,CNY,50,0%,-100%,未知,,,,,,,,,,,,,,,,,,,,
1692,novawo gloves,CNY,50,∞,∞,高,86,,,,,,,,,,,,,,,,,,,
1693,novelty fingerless gloves,CNY,50,0%,0%,高,100,,,,,,,,,,,,,,,,,,,
1694,off shoulder wedding dress with gloves,CNY,50,0%,-100%,未知,,,,,,,,,,,,,,,,,,,,
1695,off the shoulder wedding dress with gloves,CNY,50,-100%,-100%,未知,,,,,,,,,,,,,,,,,,,,
1696,off white fingerless gloves,CNY,50,0%,-100%,未知,,,,,,,,,,,,,,,,,,,,
1697,off white lace gloves,CNY,50,0%,0%,高,100,,,,,,,,,,,,,,,,,,,
1698,off white wedding gloves,CNY,50,0%,0%,未知,,,,,,,,,,,,,,,,,,,,
1699,oliver bonas fingerless gloves,CNY,50,0%,0%,高,100,,,,,,,,,,,,,,,,,,,
1700,opaque lace gloves,CNY,50,-100%,0%,未知,,,,,,,,,,,,,,,,,,,,
1701,open finger gloves with mitten cover,CNY,50,0%,∞,高,100,,,,,,,,,,,,,,,,,,,
1702,opera fingerless gloves,CNY,50,0%,0%,中,53,,,,,,,,,,,,,,,,,,,
1703,opera gloves lace,CNY,50,0%,0%,高,100,3.28,17.13,,,,,,,,,,,,,,,,,
1704,opera lace gloves,CNY,50,0%,-100%,未知,,,,,,,,,,,,,,,,,,,,
1705,opera length bridal gloves,CNY,50,∞,∞,高,100,,,,,,,,,,,,,,,,,,,
1706,opera length fingerless gloves,CNY,50,-100%,0%,未知,,,,,,,,,,,,,,,,,,,,
1707,opera wedding gloves,CNY,50,0%,0%,未知,,,,,,,,,,,,,,,,,,,,
1708,organic cotton fingerless gloves,CNY,50,0%,∞,高,100,,,,,,,,,,,,,,,,,,,
1709,organic fingerless gloves,CNY,50,-100%,0%,未知,,,,,,,,,,,,,,,,,,,,
1710,outdoor research upsurge fingerless paddle gloves,CNY,0,0%,0%,未知,,,,,,,,,,,,,,,,,,,,
1711,padded gloves fingerless,CNY,50,0%,0%,高,100,1.37,5.62,,,,,,,,,,,,,,,,,
1712,padded knuckle fingerless gloves,CNY,50,0%,-100%,未知,,,,,,,,,,,,,,,,,,,,
1713,panda fingerless gloves,CNY,50,0%,0%,未知,,,,,,,,,,,,,,,,,,,,
1714,pandemonium fingerless gloves,CNY,50,0%,0%,未知,,,,,,,,,,,,,,,,,,,,
1715,partial fingerless gloves,CNY,50,0%,0%,高,100,,,,,,,,,,,,,,,,,,,
1716,partial gloves,CNY,50,-100%,0%,未知,,,,,,,,,,,,,,,,,,,,
1717,pastel fingerless gloves,CNY,50,∞,∞,低,0,,,,,,,,,,,,,,,,,,,
1718,paul smith fingerless gloves,CNY,50,0%,-100%,未知,,,,,,,,,,,,,,,,,,,,
1719,paw print fingerless gloves,CNY,50,0%,∞,高,100,,,,,,,,,,,,,,,,,,,
1720,peach lace gloves,CNY,50,0%,0%,高,100,,,,,,,,,,,,,,,,,,,
1721,peacocks fingerless gloves,CNY,50,-100%,0%,未知,,,,,,,,,,,,,,,,,,,,
1722,peruvian fingerless gloves,CNY,50,0%,0%,未知,,,,,,,,,,,,,,,,,,,,
1723,pink and black fingerless gloves,CNY,50,0%,0%,高,75,,,,,,,,,,,,,,,,,,,
1724,pink bridal gloves,CNY,50,0%,-100%,未知,,,,,,,,,,,,,,,,,,,,
1725,pink fingerless lace gloves,CNY,50,0%,0%,高,100,,,,,,,,,,,,,,,,,,,
1726,pink fingerless mittens,CNY,50,-100%,0%,未知,,,,,,,,,,,,,,,,,,,,
1727,pink glove lace,CNY,50,0%,0%,高,100,1.05,5.68,,,,,,,,,,,,,,,,,
1728,pink lace fingerless gloves,CNY,50,0%,0%,高,100,,,,,,,,,,,,,,,,,,,
1729,pink wedding gloves,CNY,50,-100%,-100%,未知,,,,,,,,,,,,,,,,,,,,
1730,plaid fingerless gloves,CNY,50,0%,∞,低,0,,,,,,,,,,,,,,,,,,,
1731,plus size bridal gloves,CNY,50,0%,0%,高,100,,,,,,,,,,,,,,,,,,,
1732,plus size fingerless gloves,CNY,50,0%,0%,未知,,,,,,,,,,,,,,,,,,,,
1733,plush fingerless gloves,CNY,50,∞,∞,低,0,,,,,,,,,,,,,,,,,,,
1734,pokemon ash fingerless gloves,CNY,50,0%,-100%,未知,,,,,,,,,,,,,,,,,,,,
1735,polartec fingerless gloves,CNY,50,-100%,0%,未知,,,,,,,,,,,,,,,,,,,,
1736,police fingerless gloves,CNY,50,0%,0%,高,100,,,,,,,,,,,,,,,,,,,
1737,polka dot lace gloves,CNY,50,0%,0%,高,100,,,,,,,,,,,,,,,,,,,
1738,polo fingerless gloves,CNY,50,0%,0%,未知,,,,,,,,,,,,,,,,,,,,
1739,pom fingerless gloves,CNY,50,-100%,-100%,未知,,,,,,,,,,,,,,,,,,,,
1740,pom gloves fingerless,CNY,50,0%,0%,未知,,,,,,,,,,,,,,,,,,,,
1741,powder fingerless gloves,CNY,50,0%,0%,高,90,,,,,,,,,,,,,,,,,,,
1742,prada fingerless gloves,CNY,50,0%,0%,高,100,,,,,,,,,,,,,,,,,,,
1743,primark mens fingerless gloves,CNY,50,0%,0%,未知,,,,,,,,,,,,,,,,,,,,
1744,princess wedding dress with gloves,CNY,50,0%,0%,中,60,,,,,,,,,,,,,,,,,,,
1745,printed fingerless gloves,CNY,50,0%,∞,高,100,,,,,,,,,,,,,,,,,,,
1746,pronovias gloves,CNY,50,0%,0%,高,100,,,,,,,,,,,,,,,,,,,
1747,punk fingerless leather gloves,CNY,50,0%,0%,高,67,,,,,,,,,,,,,,,,,,,
1748,punk gloves fingerless,CNY,50,0%,0%,高,100,,,,,,,,,,,,,,,,,,,
1749,punk rock fingerless gloves,CNY,50,0%,0%,高,100,,,,,,,,,,,,,,,,,,,
1750,purple and black fingerless gloves,CNY,50,0%,0%,高,100,,,,,,,,,,,,,,,,,,,
1751,purple fingerless leather gloves,CNY,50,0%,0%,高,86,,,,,,,,,,,,,,,,,,,
1752,purple lace fingerless gloves,CNY,50,0%,0%,高,100,,,,,,,,,,,,,,,,,,,
1753,purple lace gloves long,CNY,50,-100%,0%,未知,,,,,,,,,,,,,,,,,,,,
1754,red and black lace gloves,CNY,50,∞,0%,高,100,,,,,,,,,,,,,,,,,,,
1755,red and black striped fingerless gloves,CNY,50,∞,0%,中,50,,,,,,,,,,,,,,,,,,,
1756,red bridal gloves,CNY,50,-100%,0%,未知,,,,,,,,,,,,,,,,,,,,
1757,red fingerless gloves leather,CNY,500,0%,0%,高,100,,,,,,,,,,,,,,,,,,,
1758,red fingerless mittens,CNY,500,0%,-90%,高,100,0.95,9.79,,,,,,,,,,,,,,,,,
1759,red gloves fingerless,CNY,500,0%,-90%,高,100,0.95,9.79,,,,,,,,,,,,,,,,,
1760,red gloves lace,CNY,500,900%,900%,高,100,0.99,5.25,,,,,,,,,,,,,,,,,
1761,red half gloves,CNY,50,0%,0%,高,100,,,,,,,,,,,,,,,,,,,
1762,red lace gloves amazon,CNY,50,∞,0%,高,100,,,,,,,,,,,,,,,,,,,
1763,red lace gloves long,CNY,50,0%,0%,高,100,,,,,,,,,,,,,,,,,,,
1764,red lace gloves near me,CNY,50,0%,0%,高,100,,,,,,,,,,,,,,,,,,,
1765,red lace long gloves,CNY,50,0%,0%,高,100,,,,,,,,,,,,,,,,,,,
1766,red long fingerless gloves,CNY,50,0%,0%,高,100,,,,,,,,,,,,,,,,,,,
1767,red wedding gloves,CNY,50,0%,0%,未知,,,,,,,,,,,,,,,,,,,,
1768,reddit fingerless gloves,CNY,50,-100%,-100%,未知,,,,,,,,,,,,,,,,,,,,
1769,reinforced fingerless gloves,CNY,50,∞,0%,高,100,,,,,,,,,,,,,,,,,,,
1770,retro cat fingerless gloves,CNY,0,0%,0%,未知,,,,,,,,,,,,,,,,,,,,
1771,retro cat print fingerless gloves,CNY,0,0%,0%,未知,,,,,,,,,,,,,,,,,,,,
1772,retro fingerless gloves,CNY,50,0%,0%,高,100,,,,,,,,,,,,,,,,,,,
1773,reverse fingerless gloves,CNY,50,∞,0%,中,33,,,,,,,,,,,,,,,,,,,
1774,rhinestone wedding gloves,CNY,50,0%,-100%,未知,,,,,,,,,,,,,,,,,,,,
1775,ribbed fingerless gloves,CNY,50,0%,0%,中,44,,,,,,,,,,,,,,,,,,,
1776,riding gloves half finger,CNY,50,0%,0%,未知,,,,,,,,,,,,,,,,,,,,
1777,riding half gloves,CNY,50,0%,∞,低,0,,,,,,,,,,,,,,,,,,,
1778,river island fingerless gloves,CNY,50,0%,0%,未知,,,,,,,,,,,,,,,,,,,,
1779,rocky balboa fingerless gloves,CNY,50,-100%,-100%,未知,,,,,,,,,,,,,,,,,,,,
1780,rocky fingerless gloves,CNY,50,0%,0%,中,43,,,,,,,,,,,,,,,,,,,
1781,roeckl fingerless gloves,CNY,50,0%,0%,高,100,,,,,,,,,,,,,,,,,,,
1782,rose lace gloves,CNY,50,0%,0%,未知,,,,,,,,,,,,,,,,,,,,
1783,rothco fingerless gloves,CNY,50,-100%,-100%,未知,,,,,,,,,,,,,,,,,,,,
1784,royal blue fingerless gloves,CNY,50,0%,0%,低,0,,,,,,,,,,,,,,,,,,,
1785,russian fingerless gloves,CNY,50,0%,0%,未知,,,,,,,,,,,,,,,,,,,,
1786,sainsbury's fingerless gloves,CNY,50,0%,0%,低,0,,,,,,,,,,,,,,,,,,,
1787,satin wedding dress with gloves,CNY,50,0%,0%,中,39,,,,,,,,,,,,,,,,,,,
1788,satinior fingerless gloves,CNY,50,0%,0%,未知,,,,,,,,,,,,,,,,,,,,
1789,scene fingerless gloves,CNY,50,0%,∞,中,60,,,,,,,,,,,,,,,,,,,
1790,seamless wedding gloves,CNY,50,0%,0%,未知,,,,,,,,,,,,,,,,,,,,
1791,seasalt fingerless mittens,CNY,50,-100%,-100%,未知,,,,,,,,,,,,,,,,,,,,
1792,semi fingerless gloves,CNY,50,0%,0%,高,100,,,,,,,,,,,,,,,,,,,
1793,semi sheer seamless wedding gloves,CNY,50,0%,∞,高,100,,,,,,,,,,,,,,,,,,,
1794,semi sheer wedding gloves,CNY,50,0%,0%,未知,,,,,,,,,,,,,,,,,,,,
1795,setwear fingerless gloves,CNY,50,0%,-100%,未知,,,,,,,,,,,,,,,,,,,,
1796,sheep fingerless gloves,CNY,50,0%,∞,高,100,,,,,,,,,,,,,,,,,,,
1797,sheepskin fingerless gloves mens,CNY,50,0%,-100%,未知,,,,,,,,,,,,,,,,,,,,
1798,sheepskin fingerless gloves with mitten flap,CNY,50,-100%,0%,未知,,,,,,,,,,,,,,,,,,,,
1799,sheer fingerless bridal gloves,CNY,50,-100%,-100%,未知,,,,,,,,,,,,,,,,,,,,
1800,sherpa fingerless mittens,CNY,50,0%,0%,未知,,,,,,,,,,,,,,,,,,,,
1801,sherpa lined fingerless gloves,CNY,50,0%,0%,未知,,,,,,,,,,,,,,,,,,,,
1802,shetland fingerless gloves,CNY,50,-100%,-100%,未知,,,,,,,,,,,,,,,,,,,,
1803,short black fingerless gloves,CNY,50,0%,∞,高,80,,,,,,,,,,,,,,,,,,,
1804,short black lace fingerless gloves,CNY,50,0%,0%,高,100,,,,,,,,,,,,,,,,,,,
1805,short gloves lace,CNY,50,0%,0%,高,100,1.26,9.12,,,,,,,,,,,,,,,,,
1806,short lace gloves for women,CNY,50,∞,0%,高,100,,,,,,,,,,,,,,,,,,,
1807,short white lace gloves,CNY,50,0%,0%,高,100,,,,,,,,,,,,,,,,,,,
1808,short white wedding gloves,CNY,50,-100%,-100%,未知,,,,,,,,,,,,,,,,,,,,
1809,silk gloves wedding,CNY,50,0%,0%,高,100,,,,,,,,,,,,,,,,,,,
1810,silk lace gloves,CNY,50,0%,0%,未知,,,,,,,,,,,,,,,,,,,,
1811,silver wedding gloves,CNY,50,∞,∞,高,83,,,,,,,,,,,,,,,,,,,
1812,site fingerless gloves,CNY,50,0%,0%,高,100,0.36,1.24,,,,,,,,,,,,,,,,,
1813,skeleton half finger gloves,CNY,50,0%,0%,未知,,,,,,,,,,,,,,,,,,,,
1814,skeleton hand fingerless gloves,CNY,50,∞,∞,高,100,,,,,,,,,,,,,,,,,,,
1815,skin coloured fingerless gloves,CNY,50,0%,0%,高,100,,,,,,,,,,,,,,,,,,,
1816,skin tight fingerless gloves,CNY,50,0%,0%,低,17,,,,,,,,,,,,,,,,,,,
1817,skull cashmere fingerless gloves,CNY,50,∞,0%,低,0,,,,,,,,,,,,,,,,,,,
1818,slipknot fingerless gloves,CNY,50,-100%,0%,未知,,,,,,,,,,,,,,,,,,,,
1819,slytherin fingerless gloves,CNY,50,0%,∞,中,33,,,,,,,,,,,,,,,,,,,
1820,small lace gloves,CNY,50,0%,0%,低,0,,,,,,,,,,,,,,,,,,,
1821,snap on fingerless gloves,CNY,50,0%,0%,高,100,,,,,,,,,,,,,,,,,,,
1822,snowflake fingerless gloves,CNY,50,-100%,-100%,未知,,,,,,,,,,,,,,,,,,,,
1823,socks into fingerless gloves,CNY,50,0%,0%,低,0,,,,,,,,,,,,,,,,,,,
1824,solid fingerless gloves,CNY,50,0%,0%,未知,,,,,,,,,,,,,,,,,,,,
1825,solid long fingerless gloves,CNY,50,0%,0%,未知,,,,,,,,,,,,,,,,,,,,
1826,solo fingerless merino liner glove,CNY,0,0%,0%,未知,,,,,,,,,,,,,,,,,,,,
1827,spiked fingerless gloves,CNY,50,0%,0%,高,100,,,,,,,,,,,,,,,,,,,
1828,sports half gloves,CNY,50,0%,0%,未知,,,,,,,,,,,,,,,,,,,,
1829,spy ninja fingerless gloves,CNY,50,0%,-100%,未知,,,,,,,,,,,,,,,,,,,,
1830,steampunk gloves women,CNY,50,0%,∞,高,100,,,,,,,,,,,,,,,,,,,
1831,steampunk lace gloves,CNY,50,0%,0%,高,100,,,,,,,,,,,,,,,,,,,
1832,steve madden fingerless gloves,CNY,50,0%,-100%,未知,,,,,,,,,,,,,,,,,,,,
1833,strapless wedding dress with gloves,CNY,50,0%,0%,高,75,,,,,,,,,,,,,,,,,,,
1834,stretch fingerless gloves,CNY,50,0%,0%,高,100,,,,,,,,,,,,,,,,,,,
1835,stretch lace gloves,CNY,50,0%,0%,高,100,,,,,,,,,,,,,,,,,,,
1836,stylish half gloves,CNY,0,0%,0%,未知,,,,,,,,,,,,,,,,,,,,
1837,sug fingerless gloves,CNY,50,0%,0%,未知,,,,,,,,,,,,,,,,,,,,
1838,supreme fingerless gloves,CNY,50,0%,∞,低,0,,,,,,,,,,,,,,,,,,,
1839,sustainable fingerless gloves,CNY,50,∞,0%,高,86,,,,,,,,,,,,,,,,,,,
1840,sweater fingerless gloves,CNY,50,0%,0%,未知,,,,,,,,,,,,,,,,,,,,
1841,sweater with fingerless gloves attached,CNY,50,∞,∞,中,36,,,,,,,,,,,,,,,,,,,
1842,tactical fingerless leather gloves,CNY,500,0%,900%,高,100,1.30,3.40,,,,,,,,,,,,,,,,,
1843,tartan fingerless gloves,CNY,50,0%,0%,高,100,,,,,,,,,,,,,,,,,,,
1844,tea party lace gloves,CNY,50,∞,0%,高,100,,,,,,,,,,,,,,,,,,,
1845,teal lace gloves,CNY,50,∞,0%,高,100,,,,,,,,,,,,,,,,,,,
1846,ted baker fingerless gloves,CNY,50,-100%,-100%,未知,,,,,,,,,,,,,,,,,,,,
1847,the north face fingerless gloves,CNY,50,0%,0%,高,100,,,,,,,,,,,,,,,,,,,
1848,the white company fingerless gloves,CNY,50,0%,-100%,未知,,,,,,,,,,,,,,,,,,,,
1849,thermal fingerless gloves with mitten cover,CNY,50,-100%,-100%,未知,,,,,,,,,,,,,,,,,,,,
1850,thick wool fingerless gloves,CNY,50,0%,0%,未知,,,,,,,,,,,,,,,,,,,,
1851,thin black fingerless gloves,CNY,50,0%,0%,高,100,,,,,,,,,,,,,,,,,,,
1852,thin cotton fingerless gloves,CNY,50,0%,0%,高,100,,,,,,,,,,,,,,,,,,,
1853,thin fingerless work gloves,CNY,50,0%,0%,高,100,,,,,,,,,,,,,,,,,,,
1854,thinsulate fingerless,CNY,50,0%,0%,未知,,,,,,,,,,,,,,,,,,,,
1855,thinsulate half finger gloves,CNY,50,0%,0%,未知,,,,,,,,,,,,,,,,,,,,
1856,thinsulate wool fingerless gloves,CNY,50,0%,0%,未知,,,,,,,,,,,,,,,,,,,,
1857,three fingerless gloves,CNY,50,0%,0%,中,64,,,,,,,,,,,,,,,,,,,
1858,thumb and index fingerless gloves,CNY,50,∞,∞,高,100,,,,,,,,,,,,,,,,,,,
1859,tie dye fingerless gloves,CNY,50,0%,0%,未知,,,,,,,,,,,,,,,,,,,,
1860,tight fingerless gloves,CNY,50,0%,0%,低,0,,,,,,,,,,,,,,,,,,,
1861,tk maxx fingerless gloves,CNY,50,0%,-100%,未知,,,,,,,,,,,,,,,,,,,,
1862,top rated fingerless gloves,CNY,50,0%,0%,未知,,,,,,,,,,,,,,,,,,,,
1863,totes isotoner therapeutic open finger gloves,CNY,50,0%,0%,未知,,,,,,,,,,,,,,,,,,,,
1864,trendy fingerless gloves,CNY,50,∞,∞,高,100,,,,,,,,,,,,,,,,,,,
1865,tu fingerless gloves,CNY,50,0%,-100%,未知,,,,,,,,,,,,,,,,,,,,
1866,turquoise fingerless gloves,CNY,50,0%,∞,高,91,,,,,,,,,,,,,,,,,,,
1867,turquoise lace gloves,CNY,50,∞,0%,高,100,,,,,,,,,,,,,,,,,,,
1868,turtle doves raynaud's,CNY,50,0%,0%,未知,,,,,,,,,,,,,,,,,,,,
1869,tweed fingerless gloves,CNY,50,0%,0%,高,67,,,,,,,,,,,,,,,,,,,
1870,ugg fingerless,CNY,50,0%,-100%,未知,,,,,,,,,,,,,,,,,,,,
1871,ugg fingerless knit gloves,CNY,50,∞,∞,高,100,,,,,,,,,,,,,,,,,,,
1872,ugg fingerless shearling gloves,CNY,50,0%,-100%,未知,,,,,,,,,,,,,,,,,,,,
1873,ugg knit fingerless gloves,CNY,0,0%,0%,未知,,,,,,,,,,,,,,,,,,,,
1874,ugg shearling fingerless gloves,CNY,50,0%,-100%,未知,,,,,,,,,,,,,,,,,,,,
1875,ugg womens fingerless gloves,CNY,50,0%,0%,高,100,,,,,,,,,,,,,,,,,,,
1876,unicorn fingerless gloves,CNY,50,∞,0%,高,79,,,,,,,,,,,,,,,,,,,
1877,unique fingerless gloves,CNY,50,0%,0%,未知,,,,,,,,,,,,,,,,,,,,
1878,unisex fingerless gloves,CNY,50,0%,-100%,未知,,,,,,,,,,,,,,,,,,,,
1879,untamed petals gloves,CNY,50,0%,-100%,未知,,,,,,,,,,,,,,,,,,,,
1880,upcycled cashmere fingerless gloves,CNY,50,0%,0%,未知,,,,,,,,,,,,,,,,,,,,
1881,upcycled fingerless gloves,CNY,50,-100%,0%,未知,,,,,,,,,,,,,,,,,,,,
1882,usgi fingerless gloves,CNY,50,0%,-100%,未知,,,,,,,,,,,,,,,,,,,,
1883,vampire lace gloves,CNY,50,0%,0%,未知,,,,,,,,,,,,,,,,,,,,
1884,vera wang wedding gloves,CNY,50,-100%,0%,未知,,,,,,,,,,,,,,,,,,,,
1885,very warm fingerless gloves,CNY,50,-100%,0%,未知,,,,,,,,,,,,,,,,,,,,
1886,victorian fingerless gloves,CNY,50,0%,0%,低,0,,,,,,,,,,,,,,,,,,,
1887,vintage black lace gloves,CNY,50,0%,0%,高,100,,,,,,,,,,,,,,,,,,,
1888,vintage bridal gloves,CNY,50,0%,0%,高,100,,,,,,,,,,,,,,,,,,,
1889,vintage wedding dress with gloves,CNY,50,0%,0%,高,78,,,,,,,,,,,,,,,,,,,
1890,vintage wedding dresses with gloves,CNY,50,0%,0%,高,78,,,,,,,,,,,,,,,,,,,
1891,vintage wedding gloves,CNY,50,0%,0%,高,100,,,,,,,,,,,,,,,,,,,
1892,vintage white lace gloves,CNY,50,0%,0%,高,100,,,,,,,,,,,,,,,,,,,
1893,vinyl fingerless gloves,CNY,50,-100%,0%,未知,,,,,,,,,,,,,,,,,,,,
1894,warehouse fingerless gloves,CNY,50,0%,0%,高,100,,,,,,,,,,,,,,,,,,,
1895,warm gloves fingerless,CNY,50,0%,0%,未知,,,,,,,,,,,,,,,,,,,,
1896,warm half finger gloves,CNY,50,0%,0%,未知,,,,,,,,,,,,,,,,,,,,
1897,warm waterproof fingerless gloves,CNY,50,0%,0%,未知,,,,,,,,,,,,,,,,,,,,
1898,washable fingerless gloves,CNY,50,0%,-100%,未知,,,,,,,,,,,,,,,,,,,,
1899,water resistant fingerless gloves,CNY,50,0%,0%,高,100,,,,,,,,,,,,,,,,,,,
1900,waterproof fingerless gloves mens,CNY,50,0%,0%,高,100,,,,,,,,,,,,,,,,,,,
1901,waterproof fingerless gloves women's,CNY,50,∞,∞,高,100,,,,,,,,,,,,,,,,,,,
1902,waterproof half finger gloves,CNY,50,∞,0%,高,100,,,,,,,,,,,,,,,,,,,
1903,waterproof thermal fingerless gloves,CNY,50,0%,0%,高,100,,,,,,,,,,,,,,,,,,,
1904,wedding accessories gloves,CNY,50,0%,0%,未知,,,,,,,,,,,,,,,,,,,,
1905,wedding bridal gloves,CNY,50,0%,0%,高,100,2.02,7.68,,,,,,,,,,,,,,,,,
1906,wedding dress and gloves,CNY,500,0%,0%,高,97,1.67,8.77,,,,,,,,,,,,,,,,,
1907,wedding dress gloves and veil,CNY,50,0%,0%,低,0,,,,,,,,,,,,,,,,,,,
1908,wedding dress long gloves,CNY,50,0%,0%,高,95,,,,,,,,,,,,,,,,,,,
1909,wedding dress with black gloves,CNY,50,0%,0%,低,0,,,,,,,,,,,,,,,,,,,
1910,wedding dress with lace gloves,CNY,50,0%,0%,高,100,,,,,,,,,,,,,,,,,,,
1911,wedding dress with opera gloves,CNY,50,0%,0%,中,63,,,,,,,,,,,,,,,,,,,
1912,wedding dress with white gloves,CNY,50,0%,0%,高,100,,,,,,,,,,,,,,,,,,,
1913,wedding gauntlet,CNY,50,0%,0%,低,21,,,,,,,,,,,,,,,,,,,
1914,wedding gloves black,CNY,50,0%,0%,高,100,,,,,,,,,,,,,,,,,,,
1915,wedding gloves bride,CNY,50,0%,0%,高,100,2.02,7.68,,,,,,,,,,,,,,,,,
1916,wedding gloves for groom,CNY,50,0%,∞,低,0,,,,,,,,,,,,,,,,,,,
1917,wedding gloves for men,CNY,50,0%,0%,高,100,,,,,,,,,,,,,,,,,,,
1918,wedding gloves for women,CNY,50,0%,-100%,未知,,,,,,,,,,,,,,,,,,,,
1919,wedding gloves online,CNY,0,0%,0%,未知,,,,,,,,,,,,,,,,,,,,
1920,wedding gloves satin,CNY,50,0%,0%,高,100,2.28,6.17,,,,,,,,,,,,,,,,,
1921,wedding gloves short,CNY,50,0%,0%,高,100,,,,,,,,,,,,,,,,,,,
1922,wedding gloves white,CNY,500,0%,0%,高,100,1.88,9.29,,,,,,,,,,,,,,,,,
1923,wedding gown with long gloves,CNY,50,0%,0%,高,95,,,,,,,,,,,,,,,,,,,
1924,wedding hand gloves lace,CNY,50,-100%,0%,未知,,,,,,,,,,,,,,,,,,,,
1925,wedding long white gloves,CNY,50,-100%,0%,未知,,,,,,,,,,,,,,,,,,,,
1926,wedding mittens,CNY,50,0%,0%,高,100,,,,,,,,,,,,,,,,,,,
1927,wedding satin gloves,CNY,50,0%,0%,高,100,2.28,6.17,,,,,,,,,,,,,,,,,
1928,white fingerless gloves amazon,CNY,50,-100%,0%,未知,,,,,,,,,,,,,,,,,,,,
1929,white fingerless gloves mens,CNY,50,0%,0%,高,100,,,,,,,,,,,,,,,,,,,
1930,white fingerless mittens,CNY,500,0%,900%,高,97,0.86,1.17,,,,,,,,,,,,,,,,,
1931,white fishnet gloves fingerless,CNY,50,0%,0%,低,0,,,,,,,,,,,,,,,,,,,
1932,white fluffy fingerless gloves,CNY,50,-100%,-100%,未知,,,,,,,,,,,,,,,,,,,,
1933,white frilly gloves,CNY,50,0%,0%,高,100,,,,,,,,,,,,,,,,,,,
1934,white fur fingerless gloves,CNY,50,∞,∞,高,100,,,,,,,,,,,,,,,,,,,
1935,white gloves fingerless,CNY,500,0%,900%,高,97,0.86,1.17,,,,,,,,,,,,,,,,,
1936,white gloves for wedding dresses,CNY,50,0%,0%,高,100,1.48,11.01,,,,,,,,,,,,,,,,,
1937,white gloves wedding dress,CNY,50,0%,0%,高,100,,,,,,,,,,,,,,,,,,,
1938,white gloves with lace,CNY,500,0%,0%,高,100,1.14,6.61,,,,,,,,,,,,,,,,,
1939,white half finger gloves,CNY,50,0%,0%,未知,,,,,,,,,,,,,,,,,,,,
1940,white half gloves,CNY,50,0%,0%,高,100,,,,,,,,,,,,,,,,,,,
1941,white hand gloves for wedding,CNY,50,0%,-100%,未知,,,,,,,,,,,,,,,,,,,,
1942,white knit fingerless gloves,CNY,50,0%,∞,高,100,,,,,,,,,,,,,,,,,,,
1943,white lace arm warmers,CNY,50,0%,-100%,未知,,,,,,,,,,,,,,,,,,,,
1944,white lace bridal gloves,CNY,50,0%,0%,高,100,,,,,,,,,,,,,,,,,,,
1945,white lace communion gloves,CNY,50,-100%,-100%,未知,,,,,,,,,,,,,,,,,,,,
1946,white lace fingerless wedding gloves,CNY,50,0%,0%,未知,,,,,,,,,,,,,,,,,,,,
1947,white lace floral gloves,CNY,0,0%,0%,未知,,,,,,,,,,,,,,,,,,,,
1948,white lace gloves amazon,CNY,50,0%,0%,高,100,1.24,4.10,,,,,,,,,,,,,,,,,
1949,white lace gloves short,CNY,50,0%,0%,高,100,,,,,,,,,,,,,,,,,,,
1950,white lace gucci gloves,CNY,50,∞,∞,高,100,,,,,,,,,,,,,,,,,,,
1951,white lace hand gloves,CNY,50,∞,0%,高,100,,,,,,,,,,,,,,,,,,,
1952,white lace long gloves,CNY,50,0%,0%,高,100,,,,,,,,,,,,,,,,,,,
1953,white leather gloves fingerless,CNY,50,0%,0%,高,100,,,,,,,,,,,,,,,,,,,
1954,white long gloves wedding,CNY,50,0%,0%,高,100,,,,,,,,,,,,,,,,,,,
1955,white long lace gloves,CNY,50,0%,0%,高,100,,,,,,,,,,,,,,,,,,,
1956,white satin fingerless gloves,CNY,50,-100%,-100%,未知,,,,,,,,,,,,,,,,,,,,
1957,wholesale bridal gloves,CNY,50,-100%,0%,未知,,,,,,,,,,,,,,,,,,,,
1958,winter bridal gloves,CNY,50,0%,0%,中,40,,,,,,,,,,,,,,,,,,,
1959,winter fingerless gloves for women,CNY,50,0%,0%,高,100,,,,,,,,,,,,,,,,,,,
1960,winter gloves half finger,CNY,50,-100%,0%,未知,,,,,,,,,,,,,,,,,,,,
1961,winter half finger gloves,CNY,50,∞,0%,中,50,,,,,,,,,,,,,,,,,,,
1962,winter half gloves,CNY,50,0%,-100%,未知,,,,,,,,,,,,,,,,,,,,
1963,winter wedding gloves,CNY,50,0%,0%,中,40,,,,,,,,,,,,,,,,,,,
1964,wirecutter fingerless gloves,CNY,50,0%,0%,未知,,,,,,,,,,,,,,,,,,,,
1965,wireless heated fingerless gloves,CNY,50,0%,0%,未知,,,,,,,,,,,,,,,,,,,,
1966,wolf fingerless gloves,CNY,50,-100%,0%,未知,,,,,,,,,,,,,,,,,,,,
1967,women's fingerless gloves near me,CNY,50,-100%,0%,未知,,,,,,,,,,,,,,,,,,,,
1968,women's fingerless sun gloves,CNY,50,0%,0%,未知,,,,,,,,,,,,,,,,,,,,
1969,women's gloves with open fingers,CNY,50,0%,0%,高,100,,,,,,,,,,,,,,,,,,,
1970,women's thinsulate fingerless gloves,CNY,50,-100%,-100%,未知,,,,,,,,,,,,,,,,,,,,
1971,women's wool fingerless mittens,CNY,50,0%,-100%,未知,,,,,,,,,,,,,,,,,,,,
1972,womens fingerless gloves with mitten flap,CNY,50,0%,0%,高,100,,,,,,,,,,,,,,,,,,,
1973,womens knit fingerless gloves,CNY,50,0%,0%,高,100,,,,,,,,,,,,,,,,,,,
1974,womens steampunk gloves,CNY,50,0%,∞,高,100,,,,,,,,,,,,,,,,,,,
1975,womens wedding gloves,CNY,50,∞,0%,高,100,,,,,,,,,,,,,,,,,,,
1976,womens white lace gloves,CNY,50,0%,0%,高,100,1.26,6.29,,,,,,,,,,,,,,,,,
1977,wool gloves mens fingerless,CNY,50,-100%,0%,未知,,,,,,,,,,,,,,,,,,,,
1978,wool gloves without fingers,CNY,500,0%,0%,高,100,1.27,7.59,,,,,,,,,,,,,,,,,
1979,wool half finger fishing gloves,CNY,0,0%,0%,未知,,,,,,,,,,,,,,,,,,,,
1980,wool half gloves,CNY,50,0%,0%,未知,,,,,,,,,,,,,,,,,,,,
1981,wool hand warmers fingerless gloves,CNY,50,∞,∞,高,100,,,,,,,,,,,,,,,,,,,
1982,woolovers ladies fingerless gloves,CNY,50,0%,0%,未知,,,,,,,,,,,,,,,,,,,,
1983,wrist fingerless gloves,CNY,50,0%,0%,高,100,,,,,,,,,,,,,,,,,,,
1984,wrist length lace gloves,CNY,50,0%,∞,低,0,,,,,,,,,,,,,,,,,,,
1985,wristee fingerless gloves,CNY,50,0%,0%,高,100,,,,,,,,,,,,,,,,,,,
1986,wristies fingerless gloves,CNY,50,∞,0%,高,100,,,,,,,,,,,,,,,,,,,
1987,xl fingerless work gloves,CNY,50,0%,0%,高,100,1.22,2.98,,,,,,,,,,,,,,,,,
1988,y2k fingerless gloves,CNY,50,0%,0%,高,75,,,,,,,,,,,,,,,,,,,
1989,yellow lace gloves,CNY,50,0%,0%,高,100,1.57,30.80,,,,,,,,,,,,,,,,,
1990,yellow leather fingerless gloves,CNY,50,-100%,-100%,未知,,,,,,,,,,,,,,,,,,,,
1991,zara lace gloves,CNY,50,0%,0%,高,100,,,,,,,,,,,,,,,,,,,
1992,holiday party gloves,CNY,,--,--,未知,,,,,,,,,,,,,,,,,,,,
